accession,location
GCA.001889985.1.Archaea.Micrarchaeota,C
GCA.002789635.1.Archaea.Aenigmatarchaeota,B
GCA.002254415.1.Archaea.EX4484.52,D
GCA.001564035.1.Archaea.Nanohaloarchaeota,C
GCA.002779075.1.Archaea.Iainarchaeota,B
GCA.002687735.1.Archaea.Iainarchaeota,C
GCA.002779595.1.Archaea.Nanoarchaeota,C
GCA.002763265.1.Archaea.Nanoarchaeota,D
GCA.002412085.1.Archaea.Nanoarchaeota,D
GCA.002505525.1.Archaea.Nanoarchaeota,D
GCA.002497285.1.Archaea.Nanoarchaeota,C
GCA.002789275.1.Archaea.Huberarchaeota,D
GCA.000387965.1.Archaea.Nanoarchaeota,D
GCA.002841105.1.Archaea.Altiarchaeota,D
GCA.002083985.1.Archaea.Altiarchaeota,B
GCA.002254565.1.Archaea.Altiarchaeota,D
GCA.001742785.1.Archaea.Altiarchaeota,D
GCA.001723855.1.Archaea.Altiarchaeota,B
GCF.002201895.1.Archaea.Euryarchaeota,D
GCA.001587715.1.Archaea.Methanobacteriota.B,C
GCF.002214485.1.Archaea.Methanobacteriota.B,D
GCA.001515205.2.Archaea.Hadarchaeota,B
GCA.003230355.1.Archaea.Hydrothermarchaeota,C
GCA.002502135.1.Archaea.Undinarchaeota,B
GCF.000025525.1.Archaea.Methanobacteriota.A,D
GCA.003009755.1.Archaea.Thermoplasmatota,D
GCA.002495235.1.Archaea.Thermoplasmatota,C
GCA.002494765.1.Archaea.Thermoplasmatota,C
GCA.002011355.1.Archaea.Thermoplasmatota,C
GCA.002502685.1.Archaea.Thermoplasmatota,D
GCA.001595945.1.Archaea.Thermoplasmatota,C
GCA.002497685.1.Archaea.Thermoplasmatota,D
GCF.002078355.1.Archaea.Thermoplasmatota,D
GCA.002878135.1.Archaea.Thermoplasmatota,C
GCA.002011395.1.Archaea.Thermoplasmatota,D
GCA.002495185.1.Archaea.Thermoplasmatota,C
GCA.001800745.1.Archaea.Thermoplasmatota,D
GCA.001595885.1.Archaea.Thermoplasmatota,A
GCA.001421185.1.Archaea.Thermoplasmatota,B
GCA.003034855.1.Archaea.Halobacteriota,B
GCF.000194625.1.Archaea.Halobacteriota,C
GCA.002011165.1.Archaea.Halobacteriota,B
GCA.003194435.1.Archaea.Halobacteriota,B
GCA.001766825.1.Archaea.Halobacteriota,D
GCF.002114285.1.Archaea.Halobacteriota,D
GCA.003158275.1.Archaea.Halobacteriota,C
GCA.002256595.1.Archaea.Halobacteriota,E
GCF.000970205.1.Archaea.Halobacteriota,E
GCF.000011005.1.Archaea.Euryarchaeota,C
GCA.001412335.1.Archaea.Halobacteriota,E
GCF.000019605.1.Archaea.Thermoproteota,E
GCF.001481685.1.Archaea.Thermoproteota,D
GCF.000092185.1.Archaea.Thermoproteota,E
GCF.000011205.1.Archaea.Thermoproteota,B
GCA.002254745.1.Archaea.Thermoproteota,D
GCF.000148385.1.Archaea.Thermoproteota,D
GCA.003019535.1.Archaea.Thermoproteota,D
GCA.001717025.1.Archaea.Thermoproteota,D
GCA.002495485.1.Archaea.Thermoproteota,B
GCA.002255025.1.Archaea.Thermoproteota,C
GCA.001593865.1.Archaea.Thermoproteota,D
GCA.001774245.1.Archaea.Thermoproteota,C
GCA.001593875.1.Archaea.Thermoproteota,C
GCA.001593855.1.Archaea.Thermoproteota,C
GCA.001775995.1.Archaea.Thermoproteota,D
GCA.001273335.1.Archaea.Thermoproteota,B
GCA.002255045.1.Archaea.Thermoproteota,C
GCA.002011085.1.Archaea.Thermoproteota,C
GCA.002011075.1.Archaea.Thermoproteota,B
GCA.001510295.1.Archaea.Thermoproteota,D
GCA.002506605.1.Archaea.Thermoproteota,E
GCA.000405685.1.Archaea.Thermoproteota,B
GCA.000375685.1.Archaea.Thermoproteota,C
GCA.001940655.1.Archaea.Asgardarchaeota,D
GCA.001563325.1.Archaea.Asgardarchaeota,D
GCA.001940665.1.Archaea.Asgardarchaeota,C
GCA.001940755.1.Archaea.Asgardarchaeota,B
GCA.001940725.1.Archaea.Asgardarchaeota,B
GCA.003144275.1.Archaea.Asgardarchaeota,B
GCA.001940645.1.Archaea.Asgardarchaeota,E
GCA.000189635.1.Eukaryota.Ciliophora,E
GCF.000165345.1.Eukaryota.Apicocomplexa,E
GCA.000315625.1.Eukaryota.Cryptophyceae,E
GCA.015473125.1.Eukaryota.Viridiplantae,E
GCF.000091205.1.Eukaryota.Rhodophyta,E
GCA.002049455.2.Eukaryota.Rhodophyta,E
GCA.000004985.1.Eukaryota.Heterolobosea,E
GCA.000209225.1.Eukaryota.Cnidaria,E
GCA.000188695.1.Eukaryota.Choanoflagellata,E
GCA.000002865.1.Eukaryota.Choanoflagellata,E
GCA.000002435.2.Eukaryota.Fornicata,C
GCA.002402105.1.Bacteria.UBP17,D
GCA.002325765.1.Bacteria.Proteobacteria,C
GCA.001791795.1.Bacteria.Wallbacteria,D
GCA.002869225.1.Bacteria.Muirbacteria,C
GCA.001787855.1.Bacteria.Riflebacteria,D
GCA.003498085.1.Bacteria.UBA9089,D
GCA.003485015.1.Bacteria.UBA9089,D
GCA.001873945.1.Bacteria.UBA9089,B
GCA.003527405.1.Bacteria.Atribacterota,D
GCA.002478245.1.Bacteria.UBP18,D
GCA.001871015.1.Bacteria.Desantisbacteria,D
GCA.002440765.1.Bacteria.UBA6266,C
GCA.002791075.1.Bacteria.Ratteibacteria,B
GCA.002085025.1.Bacteria.Omnitrophota,D
GCA.003140915.1.Bacteria.Omnitrophota,C
GCA.002783585.1.Bacteria.Omnitrophota,C
GCA.002780805.1.Bacteria.Omnitrophota,C
GCA.002796105.1.Bacteria.Omnitrophota,C
GCA.002779345.1.Bacteria.Omnitrophota,C
GCA.002787095.1.Bacteria.Omnitrophota,C
GCA.001805885.1.Bacteria.Omnitrophota,D
GCA.003154195.1.Bacteria.Omnitrophota,C
GCA.001805575.1.Bacteria.Omnitrophota,C
GCA.002796125.1.Bacteria.Omnitrophota,D
GCA.003451585.1.Bacteria.Omnitrophota,C
GCA.001805375.1.Bacteria.Omnitrophota,C
GCA.001804315.1.Bacteria.Omnitrophota,D
GCA.002441095.1.Bacteria.UBA6262,C
GCA.002780705.1.Bacteria.CG03,C
GCA.001800605.1.Bacteria.Elusimicrobiota,D
GCA.002412545.1.Bacteria.Elusimicrobiota,C
GCA.001800495.1.Bacteria.Elusimicrobiota,E
GCF.001027545.1.Bacteria.Elusimicrobiota,D
GCA.003158755.1.Bacteria.Elusimicrobiota,D
GCA.002841695.1.Bacteria.Elusimicrobiota,C
GCA.001800095.1.Bacteria.Elusimicrobiota,C
GCA.001800075.1.Bacteria.Elusimicrobiota,C
GCA.001800245.1.Bacteria.Elusimicrobiota,C
GCA.001799695.1.Bacteria.Elusimicrobiota,D
GCA.003152075.1.Bacteria.FCPU426,D
GCA.003167475.1.Bacteria.Goldbacteria,C
GCA.001778375.1.Bacteria.Firestonebacteria,D
GCA.003501375.1.Bacteria.Sumerlaeota,C
GCA.003290465.1.Bacteria.Sumerlaeota,D
GCA.002428325.1.Bacteria.UBP4,C
GCA.002746185.1.Bacteria.Hydrogenedentota,D
GCA.001567115.1.Bacteria.OLB16,C
GCA.001784175.1.Bacteria.Lindowbacteria,B
GCA.002687025.1.Bacteria.Poribacteria,B
GCA.000406005.1.Bacteria.Poribacteria,D
GCA.001730085.1.Bacteria.GCA.001730085,D
GCF.900105685.1.Bacteria.Verrucomicrobiota,D
GCA.003219195.1.Bacteria.Verrucomicrobiota,D
GCA.003164675.1.Bacteria.Verrucomicrobiota,B
GCA.002708005.1.Bacteria.Verrucomicrobiota,D
GCA.002382525.1.Bacteria.Verrucomicrobiota,C
GCA.002323895.1.Bacteria.Verrucomicrobiota,B
GCA.003246265.1.Bacteria.Verrucomicrobiota,A
GCA.002429065.1.Bacteria.Verrucomicrobiota,A
GCA.002369235.1.Bacteria.Verrucomicrobiota,C
GCA.001804885.1.Bacteria.Verrucomicrobiota,C
GCA.001804805.1.Bacteria.Verrucomicrobiota,B
GCA.003477185.1.Bacteria.Verrucomicrobiota,E
GCF.000170755.1.Bacteria.Verrucomicrobiota,A
GCA.002340265.1.Bacteria.Verrucomicrobiota,C
GCA.001803235.1.Bacteria.Verrucomicrobiota,A
GCA.002366995.1.Bacteria.UBA3054,E
GCF.000204255.1.Bacteria.Chlamydiota,D
GCA.002786175.1.Bacteria.Chlamydiota,C
GCA.001794905.1.Bacteria.Chlamydiota,D
GCA.003136555.1.Bacteria.Planctomycetota,B
GCA.003245715.1.Bacteria.Planctomycetota,C
GCA.002746535.1.Bacteria.Planctomycetota,A
GCF.002277955.1.Bacteria.Planctomycetota,D
GCA.003508595.1.Bacteria.Planctomycetota,D
GCF.900129635.1.Bacteria.Planctomycetota,D
GCA.002404095.1.Bacteria.Planctomycetota,D
GCA.003170085.1.Bacteria.Planctomycetota,C
GCA.002704825.1.Bacteria.Planctomycetota,C
GCA.002364485.1.Bacteria.Planctomycetota,D
GCA.002338715.1.Bacteria.Planctomycetota,D
GCA.003171235.1.Bacteria.Planctomycetota,D
GCA.002839495.1.Bacteria.Planctomycetota,D
GCA.002311745.1.Bacteria.Planctomycetota,A
GCA.002748355.1.Bacteria.Planctomycetota,C
GCA.002746235.1.Bacteria.Planctomycetota,B
GCA.002683135.1.Bacteria.Planctomycetota,B
GCA.003509045.1.Bacteria.Planctomycetota,D
GCA.002402755.1.Bacteria.Planctomycetota,C
GCA.002167285.1.Bacteria.Planctomycetota,C
GCA.001828445.1.Bacteria.Planctomycetota,D
GCA.001303885.1.Bacteria.Planctomycetota,E
GCF.000949635.1.Bacteria.Planctomycetota,D
GCA.001302825.1.Bacteria.Planctomycetota,C
GCA.002780065.1.Bacteria.UBA8481,E
GCF.900112165.1.Bacteria.Spirochaetota,A
GCF.000092845.1.Bacteria.Spirochaetota,D
GCA.003497555.1.Bacteria.Spirochaetota,E
GCF.000266885.1.Bacteria.Spirochaetota,C
GCA.002730875.1.Bacteria.Spirochaetota,D
GCA.002418835.1.Bacteria.Spirochaetota,A
GCF.001922545.1.Bacteria.Spirochaetota,D
GCF.000758165.1.Bacteria.Spirochaetota,A
GCA.002406055.1.Bacteria.Spirochaetota,C
GCA.001829315.1.Bacteria.Spirochaetota,D
GCA.002450905.1.Bacteria.Spirochaetota,C
GCA.001829155.1.Bacteria.Spirochaetota,B
GCF.000526155.1.Bacteria.Desulfobacterota,E
GCF.000177635.2.Bacteria.Chrysiogenota,E
GCF.000487995.1.Bacteria.Deferribacterota,D
GCA.002402635.1.Bacteria.Deferribacterota,B
GCA.002707655.1.Bacteria.SAR324,C
GCA.002401295.1.Bacteria.SAR324,E
GCF.900177345.1.Bacteria.Proteobacteria,D
GCF.001907975.1.Bacteria.Proteobacteria,C
GCF.002795805.1.Bacteria.Proteobacteria,D
GCA.001872725.1.Bacteria.Proteobacteria,B
GCF.002109495.1.Bacteria.Proteobacteria,C
GCA.002689455.1.Bacteria.Proteobacteria,B
GCA.002937675.1.Bacteria.Proteobacteria,C
GCA.002787615.1.Bacteria.Proteobacteria,D
GCA.002422845.1.Bacteria.Proteobacteria,B
GCA.002938255.1.Bacteria.Proteobacteria,B
GCA.003213135.1.Bacteria.Proteobacteria,E
GCA.002717245.1.Bacteria.Proteobacteria,D
GCF.003072485.1.Bacteria.Proteobacteria,C
GCA.002500565.1.Bacteria.Proteobacteria,B
GCA.002238905.1.Bacteria.Proteobacteria,B
GCA.002084505.1.Bacteria.Proteobacteria,D
GCA.001898075.1.Bacteria.Proteobacteria,E
GCA.002632265.1.Bacteria.Proteobacteria,C
GCA.002722885.1.Bacteria.Proteobacteria,D
GCA.006969625.1.Bacteria.Proteobacteria,D
GCA.002898275.1.Bacteria.Proteobacteria,B
GCA.002238885.1.Bacteria.Proteobacteria,C
GCF.001613805.1.Bacteria.Proteobacteria,C
GCA.002723345.1.Bacteria.Proteobacteria,C
GCA.002717185.1.Bacteria.Proteobacteria,E
GCA.002717225.1.Bacteria.Proteobacteria,B
GCA.002686135.1.Bacteria.Proteobacteria,C
GCA.002348425.1.Bacteria.Proteobacteria,B
GCF.002148795.1.Bacteria.Proteobacteria,D
GCF.900102465.1.Bacteria.Proteobacteria,B
GCA.002709155.1.Bacteria.Proteobacteria,B
GCA.003280605.1.Bacteria.Proteobacteria,B
GCA.002457765.1.Bacteria.Proteobacteria,A
GCA.002340345.1.Bacteria.Proteobacteria,D
GCF.002251795.1.Bacteria.Proteobacteria,D
GCF.006980715.1.Bacteria.Proteobacteria,E
GCF.000315795.1.Bacteria.Proteobacteria,E
GCF.900167455.1.Bacteria.Proteobacteria,E
GCF.003258945.1.Bacteria.Proteobacteria,D
GCA.002291925.1.Bacteria.Proteobacteria,B
GCA.003504035.1.Bacteria.Proteobacteria,D
GCA.002257235.1.Bacteria.Proteobacteria,C
GCA.001898705.1.Bacteria.Proteobacteria,C
GCA.001897795.1.Bacteria.Proteobacteria,E
GCF.000757605.1.Bacteria.Proteobacteria,D
GCA.001897475.1.Bacteria.Proteobacteria,E
GCF.000264455.2.Bacteria.Proteobacteria,C
GCA.002721365.1.Bacteria.Proteobacteria,B
GCA.002701885.1.Bacteria.Proteobacteria,C
GCA.002348365.1.Bacteria.Proteobacteria,B
GCF.900172325.1.Bacteria.Proteobacteria,B
GCF.002798435.1.Bacteria.Proteobacteria,D
GCF.003173035.1.Bacteria.Proteobacteria,A
GCA.002796975.1.Bacteria.Proteobacteria,D
GCF.000192575.1.Bacteria.Proteobacteria,B
GCA.002731375.1.Bacteria.Proteobacteria,D
GCA.003454415.1.Bacteria.Proteobacteria,D
GCA.003158585.1.Bacteria.Proteobacteria,D
GCA.002280485.1.Bacteria.Proteobacteria,C
GCA.002480495.1.Bacteria.Proteobacteria,D
GCA.001464215.1.Bacteria.Proteobacteria,C
GCF.001399755.1.Bacteria.Proteobacteria,B
GCA.002722435.1.Bacteria.Proteobacteria,B
GCA.002683115.1.Bacteria.Proteobacteria,C
GCA.001750645.1.Bacteria.Proteobacteria,D
GCA.002451085.1.Bacteria.Proteobacteria,C
GCA.002420425.1.Bacteria.Proteobacteria,D
GCA.002405475.1.Bacteria.Proteobacteria,C
GCA.001750625.1.Bacteria.Proteobacteria,E
GCF.900111015.1.Bacteria.Proteobacteria,E
GCF.002940605.1.Bacteria.Proteobacteria,E
GCF.001431315.1.Bacteria.Proteobacteria,D
GCA.003489505.1.Bacteria.Proteobacteria,A
GCA.002631715.1.Bacteria.Proteobacteria,C
GCA.002352565.1.Bacteria.Proteobacteria,E
GCF.000021985.1.Bacteria.Proteobacteria,A
GCA.002747435.1.Bacteria.Proteobacteria,D
GCF.001641825.1.Bacteria.Proteobacteria,B
GCF.001614315.2.Bacteria.Proteobacteria,A
GCA.002746645.1.Bacteria.Proteobacteria,B
GCA.002699105.1.Bacteria.Bacteroidota,C
GCA.002386945.1.Bacteria.Proteobacteria,B
GCA.002728355.1.Bacteria.Proteobacteria,B
GCA.002007405.1.Bacteria.Proteobacteria,A
GCA.001735895.1.Bacteria.Proteobacteria,D
GCF.002958735.1.Bacteria.Proteobacteria,D
GCF.000239355.1.Bacteria.Proteobacteria,E
GCF.001051235.1.Bacteria.Proteobacteria,B
GCA.002862435.1.Bacteria.Proteobacteria,D
GCA.002255365.1.Bacteria.Proteobacteria,E
GCF.900112605.1.Bacteria.Proteobacteria,E
GCF.000374645.1.Bacteria.Proteobacteria,D
GCA.002432655.1.Bacteria.Proteobacteria,D
GCA.003155415.1.Bacteria.Proteobacteria,D
GCA.003137095.1.Bacteria.Proteobacteria,D
GCA.002868855.1.Bacteria.Proteobacteria,B
GCA.003228965.1.Bacteria.Proteobacteria,B
GCA.002688175.1.Bacteria.Proteobacteria,D
GCA.002338605.1.Bacteria.Proteobacteria,B
GCA.002085445.1.Bacteria.Proteobacteria,D
GCF.001720165.1.Bacteria.Proteobacteria,E
GCF.000024725.1.Bacteria.Proteobacteria,B
GCA.002454015.1.Bacteria.Proteobacteria,E
GCA.002389045.1.Bacteria.Proteobacteria,C
GCA.002292285.1.Bacteria.Proteobacteria,C
GCA.002170535.1.Bacteria.Proteobacteria,C
GCA.002007425.1.Bacteria.Proteobacteria,D
GCF.000815225.1.Bacteria.Proteobacteria,A
GCF.000300295.4.Bacteria.Proteobacteria,B
GCF.003097315.1.Bacteria.Proteobacteria,C
GCF.003612015.1.Bacteria.Proteobacteria,E
GCF.003052605.1.Bacteria.Proteobacteria,D
GCF.000284615.1.Bacteria.Proteobacteria,C
GCA.002796245.1.Bacteria.Proteobacteria,B
GCA.002707205.1.Bacteria.Proteobacteria,C
GCA.002469885.1.Bacteria.Proteobacteria,C
GCA.001801745.1.Bacteria.Proteobacteria,D
GCA.002404295.1.Bacteria.Proteobacteria,D
GCA.002429595.1.Bacteria.Proteobacteria,C
GCA.002732805.1.Bacteria.Proteobacteria,C
GCA.001801285.1.Bacteria.Proteobacteria,A
GCF.002020875.1.Bacteria.Proteobacteria,D
GCF.001697225.1.Bacteria.Proteobacteria,D
GCA.002840095.1.Bacteria.Proteobacteria,B
GCA.003230085.1.Bacteria.Proteobacteria,C
GCA.002400775.1.Bacteria.Proteobacteria,D
GCA.001464965.1.Bacteria.Proteobacteria,D
GCA.001447805.1.Bacteria.Proteobacteria,A
GCA.002395105.1.Bacteria.Proteobacteria,E
GCF.000021725.1.Bacteria.Campylobacterota,D
GCA.000830255.1.Bacteria.Campylobacterota,D
GCA.002898535.1.Bacteria.Acidobacteriota,D
GCA.002335385.1.Bacteria.Acidobacteriota,C
GCA.002010665.1.Bacteria.Acidobacteriota,C
GCA.001775755.1.Bacteria.Acidobacteriota,C
GCA.002789615.1.Bacteria.Acidobacteriota,A
GCA.002747255.1.Bacteria.Acidobacteriota,E
GCA.002298155.1.Bacteria.Acidobacteriota,B
GCA.002731215.1.Bacteria.Acidobacteriota,B
GCA.002712885.1.Bacteria.Acidobacteriota,D
GCA.003155335.1.Bacteria.Acidobacteriota,B
GCA.002238705.1.Bacteria.Acidobacteriota,D
GCA.003223975.1.Bacteria.Acidobacteriota,E
GCA.002483445.1.Bacteria.Acidobacteriota,D
GCA.002451015.1.Bacteria.Acidobacteriota,D
GCA.003222815.1.Bacteria.Acidobacteriota,D
GCA.003224665.1.Bacteria.Acidobacteriota,D
GCA.003131705.1.Bacteria.Acidobacteriota,D
GCA.003152325.1.Bacteria.Acidobacteriota,D
GCA.003140235.1.Bacteria.Acidobacteriota,C
GCA.001767075.1.Bacteria.Acidobacteriota,D
GCA.003223635.1.Bacteria.Acidobacteriota,D
GCA.003152095.1.Bacteria.Acidobacteriota,D
GCA.003133645.1.Bacteria.Acidobacteriota,D
GCA.002327305.1.Bacteria.Acidobacteriota,D
GCA.003223995.1.Bacteria.Acidobacteriota,D
GCA.003223145.1.Bacteria.Acidobacteriota,C
GCA.001664505.1.Bacteria.Acidobacteriota,B
GCA.003230535.1.Bacteria.SZUA.182,D
GCA.002347965.1.Bacteria.UBA2233,C
GCA.001775255.1.Bacteria.Desulfobacterota.D,D
GCA.001914955.1.Bacteria.Nitrospirota,C
GCA.001803875.1.Bacteria.Nitrospirota,C
GCA.001805205.1.Bacteria.Nitrospirota,C
GCA.001803815.1.Bacteria.Nitrospirota,B
GCA.003235715.1.Bacteria.Nitrospirota,D
GCA.003153275.1.Bacteria.Nitrospirota,C
GCA.002011735.1.Bacteria.Nitrospirota,B
GCA.003454665.1.Bacteria.Nitrospirota,C
GCA.001803795.1.Bacteria.Nitrospirota,D
GCA.003220615.1.Bacteria.Methylomirabilota,C
GCA.001771285.1.Bacteria.Methylomirabilota,E
GCF.900079095.1.Bacteria.Tectomicrobia,B
GCA.002238965.1.Bacteria.UBA8248,B
GCA.003229375.1.Bacteria.Nitrospinota,E
GCA.002705185.1.Bacteria.Nitrospinota,C
GCA.002500605.1.Bacteria.Nitrospinota,C
GCA.001803565.1.Bacteria.Nitrospinota.B,C
GCA.001790645.1.Bacteria.Schekmanbacteria,D
GCA.003170555.1.Bacteria.FEN.1099,C
GCA.001799195.1.Bacteria.Bdellovibrionota,C
GCA.002787535.1.Bacteria.Bdellovibrionota,C
GCA.001798135.1.Bacteria.UBA10199,C
GCA.001798715.1.Bacteria.UBA10199,C
GCA.002796325.1.Bacteria.UBA10199,C
GCA.001798185.1.Bacteria.UBA10199,C
GCA.001798075.1.Bacteria.UBA10199,D
GCA.002342225.1.Bacteria.Bdellovibrionota,C
GCA.001798265.1.Bacteria.Bdellovibrionota.E,C
GCA.001797335.1.Bacteria.Bdellovibrionota.E,B
GCA.002715375.1.Bacteria.Bdellovibrionota,C
GCA.002321895.1.Bacteria.Bdellovibrionota,C
GCA.001769805.1.Bacteria.Bdellovibrionota,B
GCA.003230795.1.Bacteria.Bdellovibrionota.C,D
GCA.002343185.1.Bacteria.Bdellovibrionota.C,B
GCA.002311335.1.Bacteria.Desulfobacterota.B,B
GCA.002238415.1.Bacteria.Desulfobacterota.B,D
GCA.002898795.1.Bacteria.Desulfobacterota.B,D
GCA.002050235.1.Bacteria.Desulfobacterota.B,D
GCA.003161515.1.Bacteria.Desulfobacterota.B,C
GCA.001798565.1.Bacteria.Desulfobacterota.B,D
GCA.002328485.1.Bacteria.Desulfobacterota.G,D
GCA.001797815.1.Bacteria.RBG.13.61.14,B
GCA.003247575.1.Bacteria.Myxococcota.A,C
GCA.002731275.1.Bacteria.Myxococcota,D
GCA.002841945.1.Bacteria.Myxococcota,C
GCA.002789955.1.Bacteria.Myxococcota,B
GCA.002863065.1.Bacteria.Myxococcota,E
GCA.002728755.1.Bacteria.Myxococcota,B
GCA.002726535.1.Bacteria.Myxococcota,E
GCA.002724675.1.Bacteria.Myxococcota.A,B
GCA.002707085.1.Bacteria.Myxococcota.A,C
GCA.002699025.1.Bacteria.Myxococcota,E
GCF.000737335.2.Bacteria.Proteobacteria,D
GCA.002841825.1.Bacteria.Myxococcota,A
GCA.002747355.1.Bacteria.Myxococcota,D
GCA.003170275.1.Bacteria.Myxococcota,D
GCA.002344285.1.Bacteria.Myxococcota,C
GCA.002721815.1.Bacteria.Myxococcota,E
GCA.002696345.1.Bacteria.Myxococcota,C
GCA.001798605.1.Bacteria.Myxococcota,A
GCA.002309015.1.Bacteria.Myxococcota,C
GCA.001768075.1.Bacteria.Myxococcota,C
GCF.001611275.1.Bacteria.Desulfobacterota,D
GCA.002327765.1.Bacteria.Desulfobacterota.E,D
GCF.000266945.1.Bacteria.Desulfobacterota,D
GCA.001896555.1.Bacteria.Desulfobacterota,B
GCA.003232385.1.Bacteria.SZUA.79,C
GCA.001797415.1.Bacteria.Desulfobacterota,C
GCA.002010915.1.Bacteria.Desulfobacterota,C
GCA.001830835.1.Bacteria.Desulfobacterota,C
GCA.002782605.1.Bacteria.Desulfobacterota,D
GCA.002327985.1.Bacteria.Desulfobacterota,D
GCA.001304105.1.Bacteria.Desulfobacterota,B
GCA.003194485.1.Bacteria.Desulfobacterota,D
GCA.002877985.1.Bacteria.Desulfobacterota,D
GCA.002347095.1.Bacteria.Desulfobacterota,C
GCA.007244385.1.Bacteria.Desulfobacterota,D
GCA.002899795.1.Bacteria.Desulfobacterota,C
GCA.002011835.1.Bacteria.Desulfobacterota,D
GCF.000620765.1.Bacteria.Desulfobacterota.I,D
GCA.001797675.1.Bacteria.Desulfobacterota,D
GCF.000195295.1.Bacteria.Desulfobacterota,A
GCA.001577715.1.Bacteria.Desulfobacterota,B
GCA.001751085.1.Bacteria.Desulfobacterota,D
GCA.000961655.1.Bacteria.Desulfobacterota,D
GCA.001873295.1.Bacteria.CG2.30.70.394,D
GCA.001873285.1.Bacteria.CG2.30.53.67,B
GCA.002897695.1.Bacteria.BMS3Abin14,D
GCA.000739515.1.Bacteria.Moduliflexota,B
GCA.001577135.1.Bacteria.Cloacimonadota,C
GCA.001412425.1.Bacteria.Cloacimonadota,D
GCA.001774505.1.Bacteria.RBG.13.66.14,D
GCA.002441125.1.Bacteria.WOR.3,C
GCA.002366635.1.Bacteria.WOR.3,D
GCA.001771735.1.Bacteria.WOR.3,C
GCA.002366725.1.Bacteria.WOR.3,B
GCA.002256535.1.Bacteria.WOR.3,C
GCA.002215665.1.Bacteria.WOR.3,C
GCA.001412365.1.Bacteria.WOR.3,D
GCA.003221825.1.Bacteria.Gemmatimonadota,C
GCA.002348465.1.Bacteria.Gemmatimonadota,C
GCA.001780825.1.Bacteria.Gemmatimonadota,C
GCA.001789205.1.Bacteria.Fibrobacterota,D
GCA.003455335.1.Bacteria.Fibrobacterota,A
GCA.002449765.1.Bacteria.Fibrobacterota,D
GCA.002414805.1.Bacteria.Fibrobacterota,D
GCA.001045525.1.Bacteria.Fibrobacterota,D
GCA.003477045.1.Bacteria.Delongbacteria,B
GCA.002898195.1.Bacteria.AABM5.125.24,C
GCA.002127415.1.Bacteria.AABM5.125.24,C
GCA.002724735.1.Bacteria.Marinisomatota,C
GCA.002712165.1.Bacteria.Proteobacteria,D
GCA.002347855.1.Bacteria.Marinisomatota,D
GCA.002452555.1.Bacteria.Marinisomatota,D
GCA.001872685.1.Bacteria.Marinisomatota,D
GCF.000013045.1.Bacteria.Bacteroidota,D
GCA.003167015.1.Bacteria.Bacteroidota,D
GCF.001280305.1.Bacteria.Bacteroidota,C
GCA.001769655.1.Bacteria.Bacteroidota,E
GCA.002483345.1.Bacteria.Bacteroidota,E
GCF.900116225.1.Bacteria.Bacteroidota,D
GCA.002455375.1.Bacteria.Bacteroidota,E
GCF.900489485.1.Bacteria.Bacteroidota,C
GCA.001769385.1.Bacteria.Bacteroidota,D
GCF.001535965.1.Bacteria.Bacteroidota,D
GCA.003158365.1.Bacteria.Bacteroidota,D
GCA.003158475.1.Bacteria.Bacteroidota,C
GCA.002779395.1.Bacteria.Bacteroidota,D
GCA.002763895.1.Bacteria.Bacteroidota,D
GCA.003151215.1.Bacteria.Bacteroidota,D
GCA.002898675.1.Bacteria.Bacteroidota,D
GCA.001567195.1.Bacteria.Bacteroidota,D
GCA.002327255.1.Bacteria.KSB1,B
GCA.002085355.1.Bacteria.KSB1,C
GCA.002011685.1.Bacteria.JdFR.76,B
GCF.001886815.1.Bacteria.Calditrichota,B
GCA.002049825.1.Bacteria.Calditrichota,D
GCA.001304035.1.Bacteria.SM23.31,D
GCA.002428525.1.Bacteria.UBP14,B
GCA.002085385.1.Bacteria.UBP14,D
GCA.003105265.1.Bacteria.Zixibacteria,C
GCA.002791595.1.Bacteria.Zixibacteria,C
GCA.001775395.1.Bacteria.Zixibacteria,D
GCA.001302725.1.Bacteria.Zixibacteria,D
GCA.000447245.1.Bacteria.Zixibacteria,D
GCA.002414865.1.Bacteria.Fermentibacterota,C
GCA.002790835.1.Bacteria.Krumholzibacteriota,D
GCA.002403295.1.Bacteria.Krumholzibacteriota,B
GCA.002686915.1.Bacteria.ARS69,B
GCA.003235575.1.Bacteria.Eisenbacteria,C
GCA.001780165.1.Bacteria.Eisenbacteria,B
GCA.002686955.1.Bacteria.Gemmatimonadota.A,B
GCA.002084765.1.Bacteria.4572.55,D
GCA.001304015.1.Bacteria.TA06.A,C
GCA.001777915.1.Bacteria.Edwardsbacteria,D
GCA.001303705.1.Bacteria.TA06,C
GCA.002727195.1.Bacteria.Latescibacterota,C
GCA.002693325.1.Bacteria.Latescibacterota,B
GCA.002049985.1.Bacteria.Latescibacterota,B
GCA.002059205.1.Bacteria.Latescibacterota,D
GCA.000403035.1.Bacteria.Latescibacterota,D
GCA.003174035.1.Bacteria.Dependentiae,C
GCA.002501535.1.Bacteria.UBP7,D
GCF.000160475.1.Bacteria.Fusobacteriota,C
GCA.002313635.1.Bacteria.Fusobacteriota,D
GCF.000233775.1.Bacteria.Synergistota,D
GCA.001443005.1.Bacteria.Synergistota,E
GCF.000021285.1.Bacteria.Thermotogota,D
GCA.003538775.1.Bacteria.Thermotogota,D
GCA.002878315.1.Bacteria.Thermotogota,D
GCA.002878375.1.Bacteria.Dictyoglomota,D
GCF.000378005.1.Bacteria.Coprothermobacterota,D
GCA.002877955.1.Bacteria.Caldisericota,D
GCA.002428295.1.Bacteria.Caldisericota,E
GCF.001547735.1.Bacteria.Thermosulfidibacterota,E
GCF.000421485.1.Bacteria.Aquificota,D
GCF.900142435.1.Bacteria.Aquificota,E
GCF.000021565.1.Bacteria.Aquificota,D
GCA.002898315.1.Bacteria.Calescibacterota,C
GCA.002011615.1.Bacteria.WOR.3,C
GCA.002010365.1.Bacteria.Bipolaricaulota,D
GCA.003535305.1.Bacteria.Bipolaricaulota,C
GCA.001778455.1.Bacteria.Bipolaricaulota,E
GCA.000353875.1.Bacteria.Atribacterota,E
GCA.900313515.1.Bacteria.Eremiobacterota,B
GCA.003244105.1.Bacteria.Eremiobacterota,D
GCA.003167155.1.Bacteria.Eremiobacterota,D
GCA.002410925.1.Bacteria.UBP13,D
GCA.002898935.1.Bacteria.CSP1.3,D
GCA.002898895.1.Bacteria.Armatimonadota,B
GCF.000427095.1.Bacteria.Armatimonadota,D
GCA.003134215.1.Bacteria.Armatimonadota,D
GCA.002431715.1.Bacteria.Armatimonadota,D
GCA.002898555.1.Bacteria.Armatimonadota,D
GCA.002352215.1.Bacteria.Armatimonadota,D
GCA.002898575.1.Bacteria.Armatimonadota,D
GCA.002435745.1.Bacteria.UBP15,C
GCF.002973605.1.Bacteria.Armatimonadota,C
GCA.002779825.1.Bacteria.Armatimonadota,D
GCA.002409445.1.Bacteria.Armatimonadota,D
GCA.003542955.1.Bacteria.Armatimonadota,D
GCA.002305165.1.Bacteria.Armatimonadota,C
GCA.002779205.1.Bacteria.Actinobacteriota,C
GCA.002366545.1.Bacteria.Actinobacteriota,D
GCA.001871795.1.Bacteria.Actinobacteriota,D
GCA.003157385.1.Bacteria.Actinobacteriota,D
GCA.001768645.1.Bacteria.Actinobacteriota,D
GCA.003140175.1.Bacteria.Actinobacteriota,D
GCA.003162395.1.Bacteria.Actinobacteriota,C
GCA.002722565.1.Bacteria.Actinobacteriota,C
GCA.002352645.1.Bacteria.Actinobacteriota,C
GCA.001767695.1.Bacteria.Actinobacteriota,D
GCF.000969705.1.Bacteria.Actinobacteriota,D
GCA.003021615.1.Bacteria.Actinobacteriota,D
GCA.002413185.1.Bacteria.Actinobacteriota,D
GCF.004348535.1.Bacteria.Actinobacteriota,B
GCF.003443735.1.Bacteria.Actinobacteriota,D
GCF.003047285.1.Bacteria.Actinobacteriota,E
GCF.001591405.1.Bacteria.Actinobacteria,E
GCF.900106035.1.Bacteria.Actinobacteriota,B
GCF.001942305.1.Bacteria.Actinobacteriota,E
GCF.000015025.1.Bacteria.Actinobacteriota,D
GCF.000384115.1.Bacteria.Actinobacteriota,C
GCA.001437855.1.Bacteria.Actinobacteriota,B
GCF.001029505.1.Bacteria.Actinobacteriota,B
GCA.002897715.1.Bacteria.Actinobacteriota,C
GCA.001768675.1.Bacteria.Actinobacteriota,D
GCA.002347645.1.Bacteria.Actinobacteriota,D
GCA.003138355.1.Bacteria.Actinobacteriota,D
GCA.001464275.1.Bacteria.Actinobacteriota,D
GCA.002347365.1.Bacteria.Actinobacteriota,A
GCA.000434775.1.Bacteria.Actinobacteriota,D
GCA.002408345.1.Bacteria.Firmicutes.G,D
GCA.002399235.1.Bacteria.Firmicutes.G,D
GCA.002159155.1.Bacteria.Firmicutes.G,D
GCA.002396805.1.Bacteria.Firmicutes.G,A
GCA.001513495.1.Bacteria.Firmicutes.G,A
GCA.001513395.1.Bacteria.Firmicutes.G,D
GCA.002426645.1.Bacteria.Firmicutes.G,D
GCA.002409975.1.Bacteria.Firmicutes.G,D
GCA.002399265.1.Bacteria.Firmicutes.G,D
GCA.002452295.1.Bacteria.Firmicutes.G,D
GCA.900016865.1.Bacteria.Firmicutes.G,A
GCA.001513145.1.Bacteria.Firmicutes.G,E
GCF.000020005.1.Bacteria.Firmicutes.D,B
GCF.000328625.1.Bacteria.Firmicutes.F,C
GCA.003070825.1.Bacteria.Firmicutes.F,A
GCA.001513125.1.Bacteria.DTU030,B
GCA.002375925.1.Bacteria.Firmicutes.E,B
GCA.002375895.1.Bacteria.Firmicutes.E,D
GCA.003023725.1.Bacteria.Firmicutes.E,D
GCA.003242675.1.Bacteria.Firmicutes.E,D
GCA.003242195.1.Bacteria.Firmicutes.E,D
GCA.002385465.1.Bacteria.Firmicutes.E,B
GCA.002376005.1.Bacteria.Firmicutes.E,C
GCA.003599345.1.Bacteria.Firmicutes.E,D
GCA.003449495.1.Bacteria.Firmicutes.E,C
GCA.002291985.1.Bacteria.Firmicutes.E,D
GCF.900142995.1.Bacteria.Firmicutes.A,B
GCA.002376045.1.Bacteria.Firmicutes.A,D
GCF.000166335.1.Bacteria.Firmicutes.A,D
GCF.000213255.1.Bacteria.Firmicutes.A,D
GCF.900129115.1.Bacteria.Firmicutes.A,D
GCA.002399285.1.Bacteria.Firmicutes.A,D
GCF.900142265.1.Bacteria.Firmicutes.A,E
GCF.900107485.1.Bacteria.Firmicutes.A,A
GCA.900066305.1.Bacteria.Firmicutes.A,A
GCA.002478485.1.Bacteria.Firmicutes.A,E
GCA.003527145.1.Bacteria.Firmicutes.A,E
GCF.900104115.1.Bacteria.Firmicutes.A,A
GCA.002297185.1.Bacteria.Firmicutes.A,E
GCA.900317035.1.Bacteria.Firmicutes.A,A
GCA.002308775.1.Bacteria.Firmicutes.A,D
GCA.002307275.1.Bacteria.Firmicutes.A,D
GCF.002252565.1.Bacteria.Firmicutes.A,A
GCA.002293295.1.Bacteria.Firmicutes.A,A
GCA.001916065.1.Bacteria.Firmicutes.A,D
GCA.002345475.1.Bacteria.Firmicutes.H,D
GCA.002411145.1.Bacteria.Firmicutes.C,D
GCF.002257705.1.Bacteria.Firmicutes.C,E
GCF.900104455.1.Bacteria.Firmicutes.C,D
GCF.000430605.1.Bacteria.Firmicutes.C,A
GCF.001553315.1.Bacteria.Firmicutes.C,A
GCF.000425045.1.Bacteria.Firmicutes.C,D
GCA.002329525.1.Bacteria.Firmicutes.C,D
GCF.001950325.1.Bacteria.Firmicutes.B,D
GCF.000024605.1.Bacteria.Firmicutes.B,D
GCA.002329495.1.Bacteria.Firmicutes.B,E
GCF.900176005.1.Bacteria.Firmicutes.B,A
GCA.001513545.1.Bacteria.Firmicutes.B,D
GCF.000620305.1.Bacteria.Firmicutes.B,D
GCA.002418765.1.Bacteria.Firmicutes.B,B
GCF.002207765.1.Bacteria.Firmicutes.B,D
GCA.002352935.1.Bacteria.Firmicutes.B,D
GCA.001508005.1.Bacteria.Firmicutes.B,A
GCA.000987045.1.Bacteria.Firmicutes.B,D
GCF.900100785.1.Bacteria.Firmicutes.B,D
GCF.002607855.1.Bacteria.Firmicutes.B,E
GCF.000019165.1.Bacteria.Firmicutes.B,D
GCF.002224645.1.Bacteria.Firmicutes.B,E
GCA.002482535.1.Bacteria.Firmicutes.B,D
GCA.002398485.1.Bacteria.Firmicutes.B,A
GCA.001512665.1.Bacteria.Firmicutes.B,D
GCA.000961765.1.Bacteria.Firmicutes.B,D
GCA.003444595.1.Bacteria.Firmicutes.D,D
GCA.002385745.1.Bacteria.Firmicutes.D,D
GCF.900111575.1.Bacteria.Firmicutes.D,D
GCA.002423965.1.Bacteria.Firmicutes.D,D
GCF.002335525.1.Bacteria.Firmicutes,D
GCF.001399675.1.Bacteria.Firmicutes,E
GCF.000092905.1.Bacteria.Firmicutes,D
GCF.001653195.1.Bacteria.Firmicutes,A
GCF.001311905.1.Bacteria.Firmicutes,E
GCF.000218765.1.Bacteria.Firmicutes,D
GCA.002159075.1.Bacteria.Firmicutes,E
GCF.900099895.1.Bacteria.Firmicutes,C
GCF.001561915.1.Bacteria.Firmicutes,D
GCF.001742305.1.Bacteria.Firmicutes,E
GCF.000942395.1.Bacteria.Firmicutes,E
GCF.001049895.1.Bacteria.Firmicutes,D
GCF.004522215.1.Bacteria.Firmicutes,D
GCF.000503775.1.Bacteria.Firmicutes,A
GCF.001908175.1.Bacteria.Firmicutes,B
GCF.001618145.1.Bacteria.Firmicutes,A
GCF.002902625.1.Bacteria.Firmicutes,E
GCF.000440555.1.Bacteria.Firmicutes,D
GCF.000178255.1.Bacteria.Firmicutes,A
GCF.000828855.1.Bacteria.Firmicutes,A
GCF.000702165.1.Bacteria.Firmicutes,E
GCA.900320745.1.Bacteria.Firmicutes,A
GCA.000433675.1.Bacteria.Firmicutes,D
GCF.001189415.1.Bacteria.Firmicutes,B
GCA.003245625.1.Bacteria.Firmicutes,A
GCA.000431235.1.Bacteria.Firmicutes,B
GCA.003244045.1.Bacteria.Dormibacterota,D
GCA.003151665.1.Bacteria.Dormibacterota,C
GCA.002708145.1.Bacteria.Chloroflexota,C
GCA.002450835.1.Bacteria.Chloroflexota,B
GCA.003228115.1.Bacteria.Chloroflexota,C
GCA.002721445.1.Bacteria.Chloroflexota,C
GCA.002717565.1.Bacteria.Chloroflexota,C
GCA.002717925.1.Bacteria.Chloroflexota,B
GCA.002710215.1.Bacteria.Chloroflexota,C
GCA.002717805.1.Bacteria.Chloroflexota,C
GCA.002450515.1.Bacteria.Chloroflexota,D
GCF.001953175.1.Bacteria.Chloroflexota,B
GCA.003229915.1.Bacteria.Chloroflexota,D
GCA.003484395.1.Bacteria.Chloroflexota,C
GCA.002367275.1.Bacteria.Chloroflexota,C
GCA.002352365.1.Bacteria.Chloroflexota,D
GCA.002347295.1.Bacteria.Chloroflexota,C
GCA.002011475.1.Bacteria.Chloroflexota,B
GCA.002239025.1.Bacteria.Chloroflexota,C
GCA.001795235.1.Bacteria.Chloroflexota,D
GCF.001306175.1.Bacteria.Chloroflexota,E
GCF.900187885.1.Bacteria.Chloroflexota,D
GCA.002841995.1.Bacteria.Chloroflexota,D
GCF.900066015.1.Bacteria.Chloroflexota,C
GCA.002702065.1.Bacteria.Chloroflexota,D
GCA.003130875.1.Bacteria.Chloroflexota,D
GCA.003451595.1.Bacteria.Chloroflexota,C
GCA.002366755.1.Bacteria.Chloroflexota,D
GCA.002400365.1.Bacteria.Chloroflexota,C
GCA.002366595.1.Bacteria.Chloroflexota,D
GCA.002423325.1.Bacteria.Chloroflexota,D
GCA.002348045.1.Bacteria.Chloroflexota,C
GCF.003967555.1.Bacteria.Chloroflexota,D
GCA.002404055.1.Bacteria.Chloroflexota,D
GCA.002436065.1.Bacteria.Chloroflexota,D
GCA.002413265.1.Bacteria.Chloroflexota,D
GCA.002347925.1.Bacteria.Chloroflexota,E
GCF.000025005.1.Bacteria.Chloroflexota,D
GCA.002440805.1.Bacteria.Chloroflexota,D
GCA.002292925.1.Bacteria.Chloroflexota,D
GCA.001898225.1.Bacteria.Chloroflexota,B
GCA.003243965.1.Bacteria.Chloroflexota,D
GCA.001443375.1.Bacteria.Chloroflexota,D
GCA.001873755.1.Bacteria.Patescibacteria,C
GCA.002773985.1.Bacteria.Patescibacteria,D
GCA.001029795.1.Bacteria.Patescibacteria,D
GCA.002305395.1.Bacteria.Patescibacteria,C
GCA.001774395.1.Bacteria.Patescibacteria,C
GCA.002780235.1.Bacteria.Patescibacteria,D
GCA.001029735.1.Bacteria.Patescibacteria,C
GCA.002792735.1.Bacteria.Patescibacteria,D
GCA.002415345.1.Bacteria.Patescibacteria,C
GCA.001788565.1.Bacteria.Patescibacteria,C
GCA.002785325.1.Bacteria.Patescibacteria,D
GCA.000993275.1.Bacteria.Patescibacteria,C
GCA.001773455.1.Bacteria.Patescibacteria,C
GCA.002783265.1.Bacteria.Patescibacteria,C
GCA.002791215.1.Bacteria.Patescibacteria,D
GCA.002335145.1.Bacteria.Patescibacteria,D
GCA.003154375.1.Bacteria.Patescibacteria,A
GCA.002747745.1.Bacteria.Patescibacteria,C
GCA.002436205.1.Bacteria.Patescibacteria,C
GCA.002401425.1.Bacteria.Patescibacteria,D
GCA.000993595.1.Bacteria.Patescibacteria,C
GCA.001780035.1.Bacteria.Patescibacteria,C
GCA.001818435.1.Bacteria.Patescibacteria,C
GCA.001818155.1.Bacteria.Patescibacteria,D
GCA.000999025.1.Bacteria.Patescibacteria,C
GCA.001778235.1.Bacteria.Patescibacteria,C
GCA.002774425.1.Bacteria.Patescibacteria,B
GCA.002688135.1.Bacteria.Patescibacteria,C
GCA.001782805.1.Bacteria.Patescibacteria,C
GCA.002772895.1.Bacteria.Patescibacteria,C
GCA.001778095.1.Bacteria.Patescibacteria,C
GCA.002784945.1.Bacteria.Patescibacteria,C
GCA.001818315.1.Bacteria.Patescibacteria,C
GCA.002793075.1.Bacteria.Patescibacteria,D
GCA.002402995.1.Bacteria.Patescibacteria,C
GCA.001817495.1.Bacteria.Patescibacteria,B
GCA.003056205.1.Bacteria.Patescibacteria,D
GCA.000998185.1.Bacteria.Patescibacteria,C
GCA.001791325.1.Bacteria.Patescibacteria,C
GCA.001791465.1.Bacteria.Patescibacteria,D
GCA.000995845.1.Bacteria.Patescibacteria,D
GCA.003534085.1.Bacteria.Patescibacteria,C
GCA.002792135.1.Bacteria.Patescibacteria,C
GCA.001817115.1.Bacteria.Patescibacteria,D
GCA.003021915.1.Bacteria.Patescibacteria,C
GCA.001824325.1.Bacteria.Patescibacteria,C
GCA.001820055.1.Bacteria.Patescibacteria,C
GCA.001773975.1.Bacteria.Patescibacteria,C
GCA.002772205.1.Bacteria.Patescibacteria,C
GCA.001774075.1.Bacteria.Patescibacteria,D
GCA.000998135.1.Bacteria.Patescibacteria,C
GCA.001819875.1.Bacteria.Patescibacteria,C
GCA.001778875.1.Bacteria.Patescibacteria,C
GCA.001778785.1.Bacteria.Patescibacteria,D
GCA.002413065.1.Bacteria.Patescibacteria,D
GCA.000996035.1.Bacteria.Patescibacteria,D
GCA.001819495.1.Bacteria.Patescibacteria,C
GCA.002785165.1.Bacteria.Patescibacteria,C
GCA.001795795.1.Bacteria.Patescibacteria,D
GCA.000996085.1.Bacteria.Patescibacteria,D
GCA.000992445.2.Bacteria.Patescibacteria,C
GCA.002791435.1.Bacteria.Patescibacteria,B
GCA.002084955.1.Bacteria.Patescibacteria,D
GCA.001816655.1.Bacteria.Patescibacteria,C
GCA.001775055.1.Bacteria.Patescibacteria,D
GCA.002304845.1.Bacteria.Patescibacteria,D
GCA.002306345.1.Bacteria.Patescibacteria,C
GCA.001816385.1.Bacteria.Patescibacteria,C
GCA.001777455.1.Bacteria.Patescibacteria,D
GCA.003545435.1.Bacteria.Patescibacteria,C
GCA.001782075.1.Bacteria.Patescibacteria,D
GCA.002050095.1.Bacteria.Patescibacteria,C
GCA.001788215.1.Bacteria.Patescibacteria,D
GCA.000999095.1.Bacteria.Patescibacteria,D
GCA.002419125.1.Bacteria.Patescibacteria,D
GCA.001567355.1.Bacteria.Patescibacteria,C
GCA.001772805.1.Bacteria.Patescibacteria,C
GCA.002774225.1.Bacteria.Patescibacteria,C
GCA.001772665.1.Bacteria.Patescibacteria,C
GCA.002774285.1.Bacteria.Patescibacteria,C
GCA.002770755.1.Bacteria.Patescibacteria,C
GCA.000503835.1.Bacteria.Patescibacteria,D
GCF.000212395.1.Bacteria.Thermodesulfobiota,B
GCA.002050035.1.Bacteria.4484.113,C
GCA.002716725.1.Bacteria.Margulisbacteria,C
GCA.002433595.1.Bacteria.Margulisbacteria,C
GCA.003242895.1.Bacteria.Margulisbacteria,C
GCA.001783275.1.Bacteria.Margulisbacteria,C
GCA.001771505.1.Bacteria.Margulisbacteria,C
GCA.001771365.1.Bacteria.Margulisbacteria,E
GCA.900313115.1.Bacteria.Cyanobacteria,D
GCA.003149375.1.Bacteria.Cyanobacteria,C
GCA.001784555.1.Bacteria.Cyanobacteria,D
GCA.001464165.1.Bacteria.Cyanobacteria,D
GCA.003503675.1.Bacteria.Cyanobacteria,C
GCA.002783405.1.Bacteria.Cyanobacteria,D
GCF.000484535.1.Bacteria.Cyanobacteria,D
GCF.000013205.1.Bacteria.Cyanobacteria,D
GCF.002251945.1.Bacteria.Cyanobacteria,E
GCF.000015965.1.Bacteria.Cyanobacteria,E
GCF.000473895.1.Bacteria.Cyanobacteria,C
UCYNA2,C
UCYNA,E
GCF.000017845.1.Bacteria.Cyanobacteria,B
GCF.003838225.1.Bacteria.Cyanobacteria,E
GCF.000018105.1.Bacteria.Cyanobacteria,C
GCF.000316115.1.Bacteria.Cyanobacteria,D
GCA.001698445.1.Bacteria.Cyanobacteria,D
GCF.002215035.1.Bacteria.Cyanobacteria,D
GCF.000353285.1.Bacteria.Cyanobacteria,E
GCF.000317045.1.Bacteria.Cyanobacteria,E
Richelia.intracellularis.HM01,E
Richelia.intracellularis.HH01,E
Nostoc.sp.PCC7120,E
GCF.000020025.1.Bacteria.Cyanobacteria,E
Fischerella.muscicola.CCMEE5323,D
GCF.001870225.1.Bacteria.Cyanobacteria,E
Cyanelle.Glaucophyta.Cyanophora.paradoxa,E
Chloroplast.Rhodophyta.Porphyridium.purpureum,E
Chloroplast.Rhodophyta.Gracilariopsis.lemaneiformis,E
Chloroplast.Rhodophyta.Cyanidioschyzon.merolae,E
Chloroplast.Streptophyta.Oryza.sativa,E