"COG","p.val","corr","COG_function","substrate"
"COG1593",0,0.675309372481407,"TRAP-type C4-dicarboxylate transport system, large permease component","Mean_Oxygen"
"COG3971",0,0.660093245324981,"2-keto-4-pentenoate hydratase","Mean_Oxygen"
"COG3502",1.12275984782848e-16,0.639863702502666,"Uncharacterized protein conserved in bacteria","Mean_Oxygen"
"COG3201",1.51368812155474e-16,0.637772903522274,"Nicotinamide mononucleotide transporter","Mean_Oxygen"
"COG5498",1.1668190160822e-15,0.623037537307214,"Predicted glycosyl hydrolase","Mean_Oxygen"
"COG3090",1.49155707614083e-15,0.621212063247237,"TRAP-type C4-dicarboxylate transport system, small permease component","Mean_Oxygen"
"COG0654",0,0.620423174625845,"2-polyprenyl-6-methoxyphenol hydroxylase and related FAD-dependent oxidoreductases","Mean_Oxygen"
"COG1988",1.73190661119347e-15,0.620095467016222,"Predicted membrane-bound metal-dependent hydrolases","Mean_Oxygen"
"COG2335",1.11955953125032e-14,0.6057612727906,"Secreted and surface protein containing fasciclin-like repeats","Mean_Oxygen"
"COG4894",1.4185884563327e-14,0.603890282495246,"Uncharacterized conserved protein","Mean_Oxygen"
"COG3302",2.08174128645462e-14,0.600832743609038,"DMSO reductase anchor subunit","Mean_Oxygen"
"COG0063",0,-0.662312157598882,"Predicted sugar kinase","Mean_Oxygen"
"COG1324",7.30918580701807e-18,-0.658265394999305,"Uncharacterized protein involved in tolerance to divalent cations","Mean_Oxygen"
"COG1533",9.07852159905641e-18,-0.656850642760157,"DNA repair photolyase","Mean_Oxygen"
"COG2110",1.82097930702628e-17,-0.652256305542492,"Predicted phosphatase homologous to the C-terminal domain of histone macroH2A1","Mean_Oxygen"
"COG0062",0,-0.633027616531151,"Uncharacterized conserved protein","Mean_Oxygen"
"COG3727",2.5687575747756e-15,-0.617127801881186,"DNA G:T-mismatch repair endonuclease","Mean_Oxygen"
"COG4632",5.30033757695374e-15,-0.611591811393874,"Exopolysaccharide biosynthesis protein related to N-acetylglucosamine-1-phosphodiester alpha-N-acetylglucosaminidase","Mean_Oxygen"
"COG1716",1.44093508569675e-14,-0.603766318420406,"FOG: FHA domain","Mean_Oxygen"
"COG1143",0,-0.603141163628202,"Formate hydrogenlyase subunit 6/NADH:ubiquinone oxidoreductase 23 kD subunit (chain I)","Mean_Oxygen"
"COG2170",2.01477700379719e-14,-0.60109466618233,"Uncharacterized conserved protein","Mean_Oxygen"
"COG0306",2.10042523908001e-33,0.822452002459072,"Phosphate/sulphate permeases","log_PO4"
"COG1392",1.4484567617283e-30,0.80128679137635,"Phosphate transport regulator (distant homolog of PhoU)","log_PO4"
"COG4268",8.14505804038458e-26,0.759119003069996,"McrBC 5-methylcytosine restriction system component","log_PO4"
"COG1283",1.86316089165432e-24,0.745195160512989,"Na+/phosphate symporter","log_PO4"
"COG3844",8.19606689411018e-23,0.727064390285861,"Kynureninase","log_PO4"
"COG1887",5.11860152302955e-22,0.717731074200737,"Putative glycosyl/glycerophosphate transferases involved in teichoic acid biosynthesis TagF/TagB/EpsJ/RodC","log_PO4"
"COG3460",1.18305995025001e-21,0.713333207336118,"Uncharacterized enzyme of phenylacetate metabolism","log_PO4"
"COG1368",3.13749634753548e-21,0.708107421489276,"Phosphoglycerol transferase and related proteins, alkaline phosphatase superfamily","log_PO4"
"COG4953",7.92011116574727e-21,0.70303724296712,"Membrane carboxypeptidase/penicillin-binding protein PbpC","log_PO4"
"COG0308",1.53917756283772e-19,0.686038412627107,"Aminopeptidase N","log_PO4"
"COG3185",2.23785711770539e-19,0.683808577962836,"4-hydroxyphenylpyruvate dioxygenase and related hemolysins","log_PO4"
"COG2515",9.27085333169579e-19,0.675155984108268,"1-aminocyclopropane-1-carboxylate deaminase","log_PO4"
"COG3940",1.49524067416256e-18,0.672178755166053,"Predicted beta-xylosidase","log_PO4"
"COG2095",1.49598267747983e-18,0.672175647027384,"Multiple antibiotic transporter","log_PO4"
"COG4832",2.3056296715809e-18,0.669451257059069,"Uncharacterized conserved protein","log_PO4"
"COG4230",2.36665375533835e-17,0.65427373045326,"Delta 1-pyrroline-5-carboxylate dehydrogenase","log_PO4"
"COG2813",5.96425929768432e-17,0.647999157498397,"16S RNA G1207 methylase RsmC","log_PO4"
"COG1757",5.99695140486888e-17,0.647961608465663,"Na+/H+ antiporter","log_PO4"
"COG0700",9.24445803768168e-17,0.644972088669541,"Uncharacterized membrane protein","log_PO4"
"COG3655",9.36662052432668e-17,0.644880881567199,"Predicted transcriptional regulator","log_PO4"
"COG1444",2.3507373219478e-16,0.638410347412806,"Predicted P-loop ATPase fused to an acetyltransferase","log_PO4"
"COG3227",7.63820939133937e-16,0.62989322701722,"Zinc metalloprotease (elastase)","log_PO4"
"COG3530",1.22155081808887e-15,0.626424914537807,"Uncharacterized protein conserved in bacteria","log_PO4"
"COG2137",1.44081073190506e-15,0.625195131681895,"Uncharacterized protein conserved in bacteria","log_PO4"
"COG2373",1.9216862274885e-15,0.623036635286856,"Large extracellular alpha-helical protein","log_PO4"
"COG1670",2.04533214581662e-15,0.622567069600318,"Acetyltransferases, including N-acetylases of ribosomal proteins","log_PO4"
"COG4564",2.49254289195729e-15,0.621072772209069,"Signal transduction histidine kinase","log_PO4"
"COG1739",3.15314980133902e-15,0.619285750572041,"Uncharacterized conserved protein","log_PO4"
"COG3707",6.66484765459736e-15,0.613519859208219,"Response regulator with putative antiterminator output domain","log_PO4"
"COG4594",1.62377125575122e-14,0.606503049681618,"ABC-type Fe3+-citrate transport system, periplasmic component","log_PO4"
"COG5421",2.04011990067584e-14,0.604676261507361,"Transposase","log_PO4"
"COG2922",2.85369036346835e-14,0.601968997965315,"Uncharacterized protein conserved in bacteria","log_PO4"
"COG3712",2.93691753170556e-14,0.60173590359321,"Fe2+-dicitrate sensor, membrane component","log_PO4"
"COG0573",2.88497454930796e-51,-0.910340107076294,"ABC-type phosphate transport system, permease component","log_PO4"
"COG0581",3.05936131572641e-47,-0.895710518394926,"ABC-type phosphate transport system, permease component","log_PO4"
"COG1117",1.1654064496602e-46,-0.893399672122309,"ABC-type phosphate transport system, ATPase component","log_PO4"
"COG0226",1.3279151153482e-46,-0.893171234066402,"ABC-type phosphate transport system, periplasmic component","log_PO4"
"COG3484",2.43112927060114e-35,-0.835445244694956,"Predicted proteasome-type protease","log_PO4"
"COG2308",5.65565211778789e-29,-0.788180771984682,"Uncharacterized conserved protein","log_PO4"
"COG0855",1.18415848341047e-28,-0.78542015455875,"Polyphosphate kinase","log_PO4"
"COG0745",1.50388672924854e-26,-0.766262067552852,"Response regulators consisting of a CheY-like receiver domain and a winged-helix DNA-binding domain","log_PO4"
"COG3769",3.48353124311721e-24,-0.742298416769482,"Predicted hydrolase (HAD superfamily)","log_PO4"
"COG0400",5.26353172105233e-22,-0.717585840916263,"Predicted esterase","log_PO4"
"COG0413",6.11599166627278e-22,-0.716803496736091,"Ketopantoate hydroxymethyltransferase","log_PO4"
"COG5470",1.86069879059156e-21,-0.7109212297432,"Uncharacterized conserved protein","log_PO4"
"COG0248",3.49666658282686e-21,-0.707519501123616,"Exopolyphosphatase","log_PO4"
"COG1942",6.95068434739113e-21,-0.703758688432753,"Uncharacterized protein, 4-oxalocrotonate tautomerase homolog","log_PO4"
"COG0717",9.3801063950409e-21,-0.702099164312191,"Deoxycytidine deaminase","log_PO4"
"COG0762",1.90842420781644e-20,-0.698120690494939,"Predicted integral membrane protein","log_PO4"
"COG3638",4.37169155107732e-19,-0.679768978719114,"ABC-type phosphate/phosphonate transport system, ATPase component","log_PO4"
"COG0057",7.21828087732955e-19,-0.676701014681515,"Glyceraldehyde-3-phosphate dehydrogenase/erythrose-4-phosphate dehydrogenase","log_PO4"
"COG0131",9.36470350193856e-19,-0.675093604454678,"Imidazoleglycerol-phosphate dehydratase","log_PO4"
"COG4454",1.07196278006542e-18,-0.674255246550046,"Uncharacterized copper-binding protein","log_PO4"
"COG1058",1.2943120329793e-18,-0.673081234752813,"Predicted nucleotide-utilizing enzyme related to molybdopterin-biosynthesis enzyme MoeA","log_PO4"
"COG3625",1.74973419614295e-18,-0.671192176022265,"Uncharacterized enzyme of phosphonate metabolism","log_PO4"
"COG1758",5.56414300207478e-18,-0.663812361583609,"DNA-directed RNA polymerase, subunit K/omega","log_PO4"
"COG1268",9.28577385994046e-18,-0.660477385880422,"Uncharacterized conserved protein","log_PO4"
"COG0394",1.19014176522849e-17,-0.658845944603683,"Protein-tyrosine-phosphatase","log_PO4"
"COG3624",1.37944415032363e-17,-0.657870786245205,"Uncharacterized enzyme of phosphonate metabolism","log_PO4"
"COG0861",1.56214386044702e-17,-0.657046285977623,"Membrane protein TerC, possibly involved in tellurium resistance","log_PO4"
"COG1403",1.98145681208869e-17,-0.65546290680069,"Restriction endonuclease","log_PO4"
"COG0284",2.18682919970516e-17,-0.654803387986689,"Orotidine-5'-phosphate decarboxylase","log_PO4"
"COG0576",2.82032027695473e-17,-0.653094513326929,"Molecular chaperone GrpE (heat shock protein)","log_PO4"
"COG0785",3.36413374727464e-17,-0.651903641298409,"Cytochrome c biogenesis protein","log_PO4"
"COG0080",5.03001009372801e-17,-0.649166771726138,"Ribosomal protein L11","log_PO4"
"COG1546",7.12563459637699e-17,-0.646774347202475,"Uncharacterized protein (competence- and mitomycin-induced)","log_PO4"
"COG3288",1.02188290156629e-16,-0.644275118012576,"NAD/NADP transhydrogenase alpha subunit","log_PO4"
"COG2947",1.18499797939443e-16,-0.643241782866753,"Uncharacterized conserved protein","log_PO4"
"COG4034",6.94204489399819e-16,-0.630593845733204,NA,"log_PO4"
"COG0291",2.39127058376994e-15,-0.621386878038422,"Ribosomal protein L35","log_PO4"
"COG0103",3.02661196474476e-15,-0.619597899878986,"Ribosomal protein S9","log_PO4"
"COG2135",5.72269526719763e-15,-0.614703576048768,"Uncharacterized conserved protein","log_PO4"
"COG1329",9.62388382516917e-15,-0.610645813665674,"Transcriptional regulators, similar to M. xanthus CarD","log_PO4"
"COG1937",2.56022391151687e-17,0.713950261134781,"Uncharacterized protein conserved in bacteria","sqrt_iron"
"COG1592",1.1185335633667e-15,0.68704856317964,"Rubrerythrin","sqrt_iron"
"COG2864",4.54746496001905e-15,0.676261949958045,"Cytochrome b subunit of formate dehydrogenase","sqrt_iron"
"COG3381",7.55198471547714e-13,0.632671638952963,"Uncharacterized component of anaerobic dehydrogenases","sqrt_iron"
"COG1981",8.22085341191376e-13,0.631885162619558,"Predicted membrane protein","sqrt_iron"
"COG3193",9.89509129205652e-13,0.630159477792156,"Uncharacterized protein, possibly involved in utilization of glycolate and propanediol","sqrt_iron"
"COG5395",1.06340967477647e-12,0.629486024607693,"Predicted membrane protein","sqrt_iron"
"COG1101",8.23070023173537e-12,0.609643048745456,"ABC-type uncharacterized transport system, ATPase component","sqrt_iron"
"COG3245",4.25241696581265e-11,0.592656002599138,"Cytochrome c5","sqrt_iron"
"COG1838",9.60748942544402e-11,0.583841507790192,"Tartrate dehydratase beta subunit/Fumarate hydratase class I, C-terminal domain","sqrt_iron"
"COG1951",1.44424018536357e-10,0.579332082264766,"Tartrate dehydratase alpha subunit/Fumarate hydratase class I, N-terminal domain","sqrt_iron"
"COG4193",4.50381690141968e-10,0.566375253056063,"Beta- N-acetylglucosaminidase","sqrt_iron"
"COG3180",9.91891701946187e-10,0.557039381636576,"Putative ammonia monooxygenase","sqrt_iron"
"COG0704",1.44253479084608e-09,0.552507435265129,"Phosphate uptake regulator","sqrt_iron"
"COG0346",5.17949413227770e-09,0.536511037891005,"Lactoylglutathione lyase and related lyases","sqrt_iron"
"COG5500",3.63243439900332e-08,0.510415435497045,"Predicted integral membrane protein","sqrt_iron"
"COG0247",4.83155547911295e-08,0.506402434179612,"Fe-S oxidoreductase","sqrt_iron"
"COG5267",1.17285927148965e-07,0.493586639167994,"Uncharacterized protein conserved in bacteria","sqrt_iron"
"COG2391",1.75446571162964e-07,0.487589328920649,"Predicted transporter component","sqrt_iron"
"COG4802",3.54406143544291e-07,0.476836127247524,"Ferredoxin-thioredoxin reductase, catalytic subunit","sqrt_iron"
"COG4102",4.08641765380201e-07,0.474612890359537,"Uncharacterized protein conserved in bacteria","sqrt_iron"
"COG1900",5.53889469046531e-07,0.469811325947121,NA,"sqrt_iron"
"COG0672",5.67871605094391e-07,0.469414462980418,"High-affinity Fe2+/Pb2+ permease","sqrt_iron"
"COG5309",7.73640575484542e-07,0.464450147790157,"Exo-beta-1,3-glucanase","sqrt_iron"
"COG2250",9.0776556275236e-07,0.461852358563666,"Uncharacterized conserved protein related to C-terminal domain of eukaryotic chaperone, SACSIN","sqrt_iron"
"COG1362",1.20596089463182e-06,0.457183608459499,"Aspartyl aminopeptidase","sqrt_iron"
"COG1965",1.47827187410586e-06,0.453794140043023,"Protein implicated in iron transport, frataxin homolog","sqrt_iron"
"COG0243",2.31570531340415e-06,0.446190720025156,"Anaerobic dehydrogenases, typically selenocysteine-containing","sqrt_iron"
"COG5607",2.43131810620472e-06,0.445354276767675,"Uncharacterized conserved protein","sqrt_iron"
"COG1529",3.00111160725189e-06,0.441713706336999,"Aerobic-type carbon monoxide dehydrogenase, large subunit CoxL/CutL homologs","sqrt_iron"
"COG1563",3.17354184930782e-06,0.440740649194912,NA,"sqrt_iron"
"COG4456",3.22540532588625e-06,0.440457736649075,"Virulence-associated protein and related proteins","sqrt_iron"
"COG4898",3.43370872337599e-06,0.439363126026305,"Uncharacterized protein conserved in bacteria","sqrt_iron"
"COG1416",4.83007255755277e-06,0.433327131064714,"Uncharacterized conserved protein","sqrt_iron"
"COG0277",5.56151982664903e-06,0.430798582167224,"FAD/FMN-containing dehydrogenases","sqrt_iron"
"COG4106",8.01915816904474e-06,0.424139905925945,"Trans-aconitate methyltransferase","sqrt_iron"
"COG1569",1.06909617959026e-05,0.41880690984487,"Predicted nucleic acid-binding protein, contains PIN domain","sqrt_iron"
"COG3211",1.08386192550762e-05,0.418550248720685,"Predicted phosphatase","sqrt_iron"
"COG5631",1.11588088386263e-05,0.418004799793007,"Predicted transcription regulator, contains HTH domain (MarR family)","sqrt_iron"
"COG2084",1.15070853981084e-05,0.417427967054374,"3-hydroxyisobutyrate dehydrogenase and related beta-hydroxyacid dehydrogenases","sqrt_iron"
"COG2080",2.00731725062981e-05,0.406796863140628,"Aerobic-type carbon monoxide dehydrogenase, small subunit CoxS/CutS homologs","sqrt_iron"
"COG4044",2.26866877190577e-05,0.40440914252689,NA,"sqrt_iron"
"COG3839",2.30653411597608e-05,0.40408481828317,"ABC-type sugar transport systems, ATPase components","sqrt_iron"
"COG5265",2.32019466919313e-05,0.403969036751523,"ABC-type transport system involved in Fe-S cluster assembly, permease and ATPase components","sqrt_iron"
"COG0394",2.43448836398431e-05,0.403024617495667,"Protein-tyrosine-phosphatase","sqrt_iron"
"COG2833",4.67417748257249e-05,0.389921961695758,"Uncharacterized protein conserved in bacteria","sqrt_iron"
"COG0235",4.9609059359029e-05,0.388698173693567,"Ribulose-5-phosphate 4-epimerase and related epimerases and aldolases","sqrt_iron"
"COG3748",5.4577361456199e-05,0.386726090363447,"Predicted membrane protein","sqrt_iron"
"COG1059",5.64152030354118e-05,0.386038838648027,"Thermostable 8-oxoguanine DNA glycosylase","sqrt_iron"
"COG2878",6.16098398628655e-05,0.384203606057486,"Predicted NADH:ubiquinone oxidoreductase, subunit RnfB","sqrt_iron"
"COG1035",6.74215873631482e-05,0.382314104058814,"Coenzyme F420-reducing hydrogenase, beta subunit","sqrt_iron"
"COG5549",7.31882000339379e-05,0.380583757952844,NA,"sqrt_iron"
"COG3536",9.05701794758803e-05,0.376045131886482,"Uncharacterized protein conserved in bacteria","sqrt_iron"
"COG1597",9.22836230675857e-05,0.375642737673483,"Sphingosine kinase and enzymes related to eukaryotic diacylglycerol kinase","sqrt_iron"
"COG0746",0.000116485434163336,0.370597854549426,"Molybdopterin-guanine dinucleotide biosynthesis protein A","sqrt_iron"
"COG5512",0.000116500615310803,0.370595008395815,"Zn-ribbon-containing, possibly RNA-binding protein and truncated derivatives","sqrt_iron"
"COG3937",0.000124274351599284,0.369180989634877,"Uncharacterized conserved protein","sqrt_iron"
"COG5474",0.000167100147048671,0.36261431604067,"Uncharacterized conserved protein","sqrt_iron"
"COG3427",0.000168600442553781,0.362413879814456,"Uncharacterized conserved protein","sqrt_iron"
"COG4565",0.000214419576687269,0.356972976386293,"Response regulator of citrate/malate metabolism","sqrt_iron"
"COG2414",0.0002258367203434,0.355785992666645,"Aldehyde:ferredoxin oxidoreductase","sqrt_iron"
"COG2186",0.00026169292627141,0.352388793618579,"Transcriptional regulators","sqrt_iron"
"COG2389",0.000274833244742516,0.351250836650743,NA,"sqrt_iron"
"COG5663",0.000303353896219476,0.348944412665133,"Uncharacterized conserved protein","sqrt_iron"
"COG4318",0.000346769268946345,0.345791476480772,NA,"sqrt_iron"
"COG1802",0.000347805874194907,0.345720740772143,"Transcriptional regulators","sqrt_iron"
"COG3431",0.000348428484392023,0.345678348502464,"Predicted membrane protein","sqrt_iron"
"COG2935",0.000364116440097309,0.34463258235336,"Putative arginyl-tRNA:protein arginylyltransferase","sqrt_iron"
"COG5011",0.000368388755805266,0.344354980233669,"Uncharacterized protein conserved in bacteria","sqrt_iron"
"COG4257",0.000387029599648912,0.343177423732541,"Streptogramin lyase","sqrt_iron"
"COG1319",0.000387773657848899,0.343131512904295,"Aerobic-type carbon monoxide dehydrogenase, middle subunit CoxM/CutM homologs","sqrt_iron"
"COG3689",0.000408974631399811,0.341856274561996,"Predicted membrane protein","sqrt_iron"
"COG2105",0.000442403203679061,0.339964086463665,"Uncharacterized conserved protein","sqrt_iron"
"COG2850",0.000450109626092376,0.339546575142948,"Uncharacterized conserved protein","sqrt_iron"
"COG3145",0.00045925837054664,0.339059370465265,"Alkylated DNA repair protein","sqrt_iron"
"COG3758",0.000527708193888329,0.335673645291363,"Uncharacterized protein conserved in bacteria","sqrt_iron"
"COG4654",0.000534911346682499,0.335341184518964,"Cytochrome c551/c552","sqrt_iron"
"COG2188",0.000541314009710202,0.335049101699718,"Transcriptional regulators","sqrt_iron"
"COG3284",0.000649793261662886,0.330528999760903,"Transcriptional activator of acetoin/glycerol metabolism","sqrt_iron"
"COG3383",0.000694947682235712,0.328849015248826,"Uncharacterized anaerobic dehydrogenase","sqrt_iron"
"COG3599",0.000714114391248896,0.32816596088732,"Cell division initiation protein","sqrt_iron"
"COG3290",0.000767101402317128,0.326361402422139,"Signal transduction histidine kinase regulating citrate/malate metabolism","sqrt_iron"
"COG3665",0.000812114730141297,0.324915835125244,"Uncharacterized conserved protein","sqrt_iron"
"COG3754",0.000854747732252898,0.323612718062328,"Lipopolysaccharide biosynthesis protein","sqrt_iron"
"COG1894",0.000858947344742869,0.323487585359697,"NADH:ubiquinone oxidoreductase, NADH-binding (51 kD) subunit","sqrt_iron"
"COG2068",0.000861322531948066,0.323417060873618,"Uncharacterized MobA-related protein","sqrt_iron"
"COG4279",0.000889020311898045,0.322607508828034,"Uncharacterized conserved protein","sqrt_iron"
"COG4579",0.000903982592211388,0.322179723654469,"Isocitrate dehydrogenase kinase/phosphatase","sqrt_iron"
"COG0145",0.00117286777502849,0.315423467452686,"N-methylhydantoinase A/acetone carboxylase, beta subunit","sqrt_iron"
"COG3342",0.00117669149909892,0.315338023479036,"Uncharacterized conserved protein","sqrt_iron"
"COG1191",0.00128948788799291,0.312924720517012,"DNA-directed RNA polymerase specialized sigma subunit","sqrt_iron"
"COG0053",0.0013451447687426,0.311803903217569,"Predicted Co/Zn/Cd cation transporters","sqrt_iron"
"COG4678",0.00141330694090351,0.310487294984876,"Muramidase (phage lambda lysozyme)","sqrt_iron"
"COG3910",0.00151306067715595,0.308660845823688,"Predicted ATPase","sqrt_iron"
"COG0543",0.00162394426943723,0.306754650310397,"2-polyprenylphenol hydroxylase and related flavodoxin oxidoreductases","sqrt_iron"
"COG1526",0.00164816186832671,0.306354081441464,"Uncharacterized protein required for formate dehydrogenase activity","sqrt_iron"
"COG4229",0.00170477162915317,0.305438152208045,"Predicted enolase-phosphatase","sqrt_iron"
"COG0693",0.0017407537780199,0.304870192877525,"Putative intracellular protease/amidase","sqrt_iron"
"COG3901",0.0019008272110926,0.302465742928122,"Regulator of nitric oxide reductase transcription","sqrt_iron"
"COG3350",0.00205010121749624,0.30038324874681,"Uncharacterized conserved protein","sqrt_iron"
"COG1791",0.00206274935480614,0.300213157995154,"Uncharacterized conserved protein, contains double-stranded beta-helix domain","sqrt_iron"
"COG3854",0.00220024170640213,0.298422575322258,"Uncharacterized protein conserved in bacteria","sqrt_iron"
"COG1246",0.00224637640238874,0.297844360499299,"N-acetylglutamate synthase and related acetyltransferases","sqrt_iron"
"COG4987",0.00230892713412992,0.297077283028964,"ABC-type transport system involved in cytochrome bd biosynthesis, fused ATPase and permease components","sqrt_iron"
"COG1902",0.00239995878511142,0.29599377737292,"NADH:flavin oxidoreductases, Old Yellow Enzyme family","sqrt_iron"
"COG3005",0.0024764905468246,0.295111160531078,"Nitrate/TMAO reductases, membrane-bound tetraheme cytochrome c subunit","sqrt_iron"
"COG1940",0.00249118056067046,0.294944563122076,"Transcriptional regulator/sugar kinase","sqrt_iron"
"COG1399",0.00250316163997315,0.294809341539065,"Predicted metal-binding, possibly nucleic acid-binding protein","sqrt_iron"
"COG3215",0.00251698239263402,0.294654079428748,"Tfp pilus assembly protein PilZ","sqrt_iron"
"COG4354",0.00259468904081674,0.293795163687532,"Predicted bile acid beta-glucosidase","sqrt_iron"
"COG4359",0.00260955706461794,0.293633468507987,"Uncharacterized conserved protein, possibly involved in methylthioadenosine recycling","sqrt_iron"
"COG0826",0.00272852793479895,0.292368684667059,"Collagenase and related proteases","sqrt_iron"
"COG0146",0.00306187337613424,0.289072259278347,"N-methylhydantoinase B/acetone carboxylase, alpha subunit","sqrt_iron"
"COG2983",0.00313565928154147,0.288386442082285,"Uncharacterized conserved protein","sqrt_iron"
"COG1648",0.00355239370072748,0.284765115862851,"Siroheme synthase (precorrin-2 oxidase/ferrochelatase domain)","sqrt_iron"
"COG1934",0.00370420897048862,0.28354012698106,"Uncharacterized protein conserved in bacteria","sqrt_iron"
"COG0658",0.00375300233244195,0.28315595826902,"Predicted membrane metal-binding protein","sqrt_iron"
"COG1856",0.00379581879374036,0.282822513957485,"Uncharacterized homolog of biotin synthetase","sqrt_iron"
"COG3304",0.00413161595197317,0.28031819305039,"Predicted membrane protein","sqrt_iron"
"COG0370",0.00417756378625934,0.279989797003085,"Fe2+ transport system protein B","sqrt_iron"
"COG2991",0.00417915505899775,0.279978481871877,"Uncharacterized protein conserved in bacteria","sqrt_iron"
"COG3907",0.00425909134710569,0.279414970635278,"PAP2 (acid phosphatase) superfamily protein","sqrt_iron"
"COG1476",0.00451971857353365,0.277641070526566,"Predicted transcriptional regulators","sqrt_iron"
"COG4608",0.00469251516777784,0.276514647878193,"ABC-type oligopeptide transport system, ATPase component","sqrt_iron"
"COG4891",0.00515591879590383,0.273666907163232,"Uncharacterized conserved protein","sqrt_iron"
"COG4776",0.00516435575988526,0.273617207282287,"Exoribonuclease II","sqrt_iron"
"COG1733",0.00530447446901741,0.272802197022159,"Predicted transcriptional regulators","sqrt_iron"
"COG2343",0.0059901836641149,0.269070417314114,"Uncharacterized protein conserved in bacteria","sqrt_iron"
"COG2032",0.00601994194712116,0.268917222421258,"Cu/Zn superoxide dismutase","sqrt_iron"
"COG1695",0.00604441685184458,0.268791729056096,"Predicted transcriptional regulators","sqrt_iron"
"COG1555",0.00672018072457033,0.265493303170145,"DNA uptake protein and related DNA-binding proteins","sqrt_iron"
"COG2914",0.00681954910699456,0.265033317734933,"Uncharacterized protein conserved in bacteria","sqrt_iron"
"COG0701",0.00694416895800335,0.264464753535091,"Predicted permeases","sqrt_iron"
"COG2368",0.00726249824383047,0.26305237662103,"Aromatic ring hydroxylase","sqrt_iron"
"COG1756",0.00784763967115875,0.260593181226204,"Uncharacterized conserved protein","sqrt_iron"
"COG1150",0.00803969830920801,0.259821257192857,"Heterodisulfide reductase, subunit C","sqrt_iron"
"COG0641",0.00872546508673625,0.257191526476246,"Arylsulfatase regulator (Fe-S oxidoreductase)","sqrt_iron"
"COG0624",0.00899542141992674,0.256206034865783,"Acetylornithine deacetylase/Succinyl-diaminopimelate desuccinylase and related deacylases","sqrt_iron"
"COG0606",0.00915909737737459,0.25562112342027,"Predicted ATPase with chaperone activity","sqrt_iron"
"COG5446",0.00923043289679989,0.25536907064909,"Predicted integral membrane protein","sqrt_iron"
"COG2210",0.0095794897811889,0.254159881947541,"Uncharacterized conserved protein","sqrt_iron"
"COG2374",0.00976397652900378,0.253536344361522,"Predicted extracellular nuclease","sqrt_iron"
"COG0797",0.0103640556145362,0.25157728192794,"Lipoproteins","sqrt_iron"
"COG0553",0.0103698894554631,0.251558729859427,"Superfamily II DNA/RNA helicases, SNF2 family","sqrt_iron"
"COG1202",0.0107272723516218,0.250439300720393,NA,"sqrt_iron"
"COG2840",0.0111379812941709,0.24919248007274,"Uncharacterized protein conserved in bacteria","sqrt_iron"
"COG3889",0.0112696213117182,0.248801362032146,"Predicted solute binding protein","sqrt_iron"
"COG5007",0.0121659279573938,0.246239725112088,"Predicted transcriptional regulator, BolA superfamily","sqrt_iron"
"COG1310",0.0128674867286788,0.244347221424306,"Predicted metal-dependent protease of the PAD1/JAB1 superfamily","sqrt_iron"
"COG1168",0.0130654216353319,0.243829563942022,"Bifunctional PLP-dependent enzyme with beta-cystathionase and maltose regulon repressor activities","sqrt_iron"
"COG1441",0.0134413674937251,0.242864886593361,"O-succinylbenzoate synthase","sqrt_iron"
"COG4700",0.0136634225472423,0.242306073242374,"Uncharacterized protein conserved in bacteria containing a divergent form of TPR repeats","sqrt_iron"
"COG2124",0.0141401737308597,0.241132506570935,"Cytochrome P450","sqrt_iron"
"COG1818",0.0148195980259933,0.239518113611426,"Predicted RNA-binding protein, contains THUMP domain","sqrt_iron"
"COG2132",0.0149086214881034,0.239311369793522,"Putative multicopper oxidases","sqrt_iron"
"COG2159",0.0149641075269566,0.239183053036063,"Predicted metal-dependent hydrolase of the TIM-barrel fold","sqrt_iron"
"COG0521",0.0152885956578213,0.238440805089713,"Molybdopterin biosynthesis enzymes","sqrt_iron"
"COG2327",0.0165960264311669,0.235582046481516,"Uncharacterized conserved protein","sqrt_iron"
"COG2090",0.0166085626294593,0.235555593411887,"Uncharacterized protein conserved in archaea","sqrt_iron"
"COG0775",0.0166888674534548,0.235386547898774,"Nucleoside phosphorylase","sqrt_iron"
"COG2915",0.0167316019714872,0.23529687629989,"Uncharacterized protein involved in purine metabolism","sqrt_iron"
"COG1414",0.016836873040951,0.235076823685693,"Transcriptional regulator","sqrt_iron"
"COG4830",0.0176696709325997,0.233376706392292,"Ribosomal protein S26","sqrt_iron"
"COG4405",0.0177661730544401,0.233184201937055,"Uncharacterized protein conserved in bacteria","sqrt_iron"
"COG4569",0.0178323525766663,0.233052706698422,"Acetaldehyde dehydrogenase (acetylating)","sqrt_iron"
"COG1145",0.0186747306985942,0.231414709843146,"Ferredoxin","sqrt_iron"
"COG1139",0.019108703621058,0.23059557071708,"Uncharacterized conserved protein containing a ferredoxin-like domain","sqrt_iron"
"COG0656",0.0196539493991882,0.229588808456301,"Aldo/keto reductases, related to diketogulonate reductase","sqrt_iron"
"COG2345",0.0201116599784971,0.228762060222758,"Predicted transcriptional regulator","sqrt_iron"
"COG3840",0.0201994925993624,0.228605264047962,"ABC-type thiamine transport system, ATPase component","sqrt_iron"
"COG3894",0.0230413816479639,0.223822967418467,"Uncharacterized metal-binding protein","sqrt_iron"
"COG2969",0.0234739495322772,0.223139939692136,"Stringent starvation protein B","sqrt_iron"
"COG3164",0.0236831952344161,0.222813393606947,"Predicted membrane protein","sqrt_iron"
"COG3010",0.0238487822110749,0.222556723870663,"Putative N-acetylmannosamine-6-phosphate epimerase","sqrt_iron"
"COG1628",0.0240588662737318,0.222233263331189,"Uncharacterized conserved protein","sqrt_iron"
"COG3458",0.0251083201140788,0.220652673141047,"Acetyl esterase (deacetylase)","sqrt_iron"
"COG2205",0.0251777418551385,0.220550116903117,"Osmosensitive K+ channel histidine kinase","sqrt_iron"
"COG2938",0.0259309356270141,0.219452650275714,"Uncharacterized conserved protein","sqrt_iron"
"COG2008",0.026709472963995,0.218346429542135,"Threonine aldolase","sqrt_iron"
"COG1786",0.0272381207378405,0.21761081330456,"Uncharacterized conserved protein","sqrt_iron"
"COG4339",0.0275422647643232,0.217193078296909,"Uncharacterized protein conserved in bacteria","sqrt_iron"
"COG0758",0.0280560363997122,0.216496243678154,"Predicted Rossmann fold nucleotide-binding protein involved in DNA uptake","sqrt_iron"
"COG1630",0.0291525653020462,0.215044510210509,"Uncharacterized protein conserved in archaea","sqrt_iron"
"COG3650",0.0310956252765805,0.212581999923206,"Predicted membrane protein","sqrt_iron"
"COG3803",0.0323572226450284,0.211051948683897,"Uncharacterized protein conserved in bacteria","sqrt_iron"
"COG4046",0.0324887630105429,0.210895332693194,"Uncharacterized protein conserved in archaea","sqrt_iron"
"COG0589",0.0332664435451913,0.209980181877028,"Universal stress protein UspA and related nucleotide-binding proteins","sqrt_iron"
"COG1958",0.0333807390234173,0.209847206483669,"Small nuclear ribonucleoprotein (snRNP) homolog","sqrt_iron"
"COG2269",0.0342959111168144,0.208796075474089,"Truncated, possibly inactive, lysyl-tRNA synthetase (class II)","sqrt_iron"
"COG1675",0.0343546154455794,0.208729459446146,"Transcription initiation factor IIE, alpha subunit","sqrt_iron"
"COG1221",0.0344873606952456,0.208579176399212,"Transcriptional regulators containing an AAA-type ATPase domain and a DNA-binding domain","sqrt_iron"
"COG0444",0.0352820948682838,0.207689488983824,"ABC-type dipeptide/oligopeptide/nickel transport system, ATPase component","sqrt_iron"
"COG2512",0.0369097966792313,0.205918662484063,"Uncharacterized membrane-associated protein/domain","sqrt_iron"
"COG1643",0.037679115877243,0.205104412220658,"HrpA-like helicases","sqrt_iron"
"COG1361",0.0389380709666637,0.203801495592032,"S-layer domain","sqrt_iron"
"COG0383",0.0409970135965687,0.201744687805851,"Alpha-mannosidase","sqrt_iron"
"COG5491",0.0416157070014097,0.201143503780951,"Conserved protein implicated in secretion","sqrt_iron"
"COG2358",0.0437556423832875,0.199119990390543,"TRAP-type uncharacterized transport system, periplasmic component","sqrt_iron"
"COG1635",0.0456558978510992,0.197391004966239,"Flavoprotein involved in thiazole biosynthesis","sqrt_iron"
"COG0303",0.0487843000590832,0.194670443044032,"Molybdopterin biosynthesis enzyme","sqrt_iron"
"COG3242",0.0507689833600086,0.193018462430695,"Uncharacterized protein conserved in bacteria","sqrt_iron"
"COG3012",0.0561487545820336,0.188794046293368,"Uncharacterized protein conserved in bacteria","sqrt_iron"
"COG3653",0.057104693545033,0.1880785210492,"N-acyl-D-aspartate/D-glutamate deacylase","sqrt_iron"
"COG2971",0.0572480008545405,0.187972102493935,"Predicted N-acetylglucosamine kinase","sqrt_iron"
"COG4336",0.0586008118924622,0.186978121965459,"Uncharacterized conserved protein","sqrt_iron"
"COG2266",0.0590409942670884,0.18665874625589,"GTP:adenosylcobinamide-phosphate guanylyltransferase","sqrt_iron"
"COG2106",0.0622653798637839,0.18437678546522,"Uncharacterized conserved protein","sqrt_iron"
"COG4195",0.0623034837560397,0.18435040078707,"Phage-related replication protein","sqrt_iron"
"COG3298",0.0635689997633767,0.183481483857837,"Predicted 3'-5' exonuclease related to the exonuclease domain of PolB","sqrt_iron"
"COG2041",0.0682795065476658,0.180365972315247,"Sulfite oxidase and related enzymes","sqrt_iron"
"COG3345",0.0687006088363585,0.180096033490858,"Alpha-galactosidase","sqrt_iron"
"COG3063",0.0688859462700078,0.17997765114014,"Tfp pilus assembly protein PilF","sqrt_iron"
"COG2412",0.0744411620639455,0.176543328729492,"Uncharacterized conserved protein","sqrt_iron"
"COG2231",0.0752968671159463,0.17603283607186,"Uncharacterized protein related to Endonuclease III","sqrt_iron"
"COG0314",0.0788035942186062,0.173988287785248,"Molybdopterin converting factor, large subunit","sqrt_iron"
"COG1042",0.0805653898147107,0.172988512949365,"Acyl-CoA synthetase (NDP forming)","sqrt_iron"
"COG1711",0.0830442151441806,0.171611045271994,"Uncharacterized protein conserved in archaea","sqrt_iron"
"COG2258",0.0831150066696703,0.171572191889034,"Uncharacterized protein conserved in bacteria","sqrt_iron"
"COG1393",0.0833673347942933,0.171433918012251,"Arsenate reductase and related proteins, glutaredoxin family","sqrt_iron"
"COG1814",0.0836897209214467,0.171257737905666,"Uncharacterized membrane protein","sqrt_iron"
"COG2921",0.0881315553776008,0.168883721602482,"Uncharacterized conserved protein","sqrt_iron"
"COG4638",0.0892042082563614,0.168324728138022,"Phenylpropionate dioxygenase and related ring-hydroxylating dioxygenases, large terminal subunit","sqrt_iron"
"COG1376",0.0906673026662459,0.167570798027587,"Uncharacterized protein conserved in bacteria","sqrt_iron"
"COG5255",0.0918861712519226,0.166950043366654,"Uncharacterized protein conserved in bacteria","sqrt_iron"
"COG3900",0.0959137901795926,0.164944078081193,NA,"sqrt_iron"
"COG2429",0.0998779577349626,0.163033562149086,"Uncharacterized conserved protein","sqrt_iron"
"COG1867",0.10042110528735,0.162776462109785,"N2,N2-dimethylguanosine tRNA methyltransferase","sqrt_iron"
"COG3737",0.101665230850735,0.162191641068108,"Uncharacterized conserved protein","sqrt_iron"
"COG5361",0.103302327287891,0.161430589196943,"Uncharacterized conserved protein","sqrt_iron"
"COG5285",0.10491715995511,0.160689085160675,"Protein involved in biosynthesis of mitomycin antibiotics/polyketide fumonisin","sqrt_iron"
"COG5014",0.107441119786585,0.159547799557069,"Predicted Fe-S oxidoreductase","sqrt_iron"
"COG3492",0.112106760410157,0.157492002993182,"Uncharacterized protein conserved in bacteria","sqrt_iron"
"COG1556",0.112695665372451,0.157237273210302,"Uncharacterized conserved protein","sqrt_iron"
"COG3240",0.112929918182093,0.157136234896363,"Phospholipase/lecithinase/hemolysin","sqrt_iron"
"COG3098",0.115173626222837,0.15617662030436,"Uncharacterized protein conserved in bacteria","sqrt_iron"
"COG4923",0.115527764357312,0.156026485518117,"Uncharacterized conserved protein","sqrt_iron"
"COG5006",0.118121909080469,0.15493743906233,"Predicted permease, DMT superfamily","sqrt_iron"
"COG4137",0.120566064200128,0.153928140935867,"ABC-type uncharacterized transport system, permease component","sqrt_iron"
"COG3028",0.12162475800475,0.153495853835541,"Uncharacterized protein conserved in bacteria","sqrt_iron"
"COG4320",0.126305455692664,0.151618617711553,"Uncharacterized protein conserved in bacteria","sqrt_iron"
"COG1415",0.127159134590752,0.151282024149201,"Uncharacterized conserved protein","sqrt_iron"
"COG2036",0.127731010867892,0.15105750905262,"Histones H3 and H4","sqrt_iron"
"COG2942",0.128923884957088,0.15059166084082,"N-acyl-D-glucosamine 2-epimerase","sqrt_iron"
"COG0315",0.13032515155503,0.150048624407352,"Molybdenum cofactor biosynthesis enzyme","sqrt_iron"
"COG3026",0.136942008627281,0.147542972960797,"Negative regulator of sigma E activity","sqrt_iron"
"COG1980",0.139308640939397,0.14666915173938,"Archaeal fructose 1,6-bisphosphatase","sqrt_iron"
"COG0790",0.141777868572964,0.14576936837904,"FOG: TPR repeat, SEL1 subfamily","sqrt_iron"
"COG1534",0.143208550096505,0.145253445117221,"Predicted RNA-binding protein containing KH domain, possibly ribosomal protein","sqrt_iron"
"COG1602",0.145364526003401,0.14448327833698,"Uncharacterized conserved protein","sqrt_iron"
"COG3945",0.145698697571085,0.14436467721453,"Uncharacterized conserved protein","sqrt_iron"
"COG5598",0.146790630099491,0.143978562903778,"Trimethylamine:corrinoid methyltransferase","sqrt_iron"
"COG3079",0.147793554112405,0.143625824509607,"Uncharacterized protein conserved in bacteria","sqrt_iron"
"COG0300",0.153911784048179,0.141512085424045,"Short-chain dehydrogenases of various substrate specificities","sqrt_iron"
"COG0348",0.154180685271381,0.141420641357587,"Polyferredoxin","sqrt_iron"
"COG0387",0.162849022635861,0.138534649987531,"Ca2+/H+ antiporter","sqrt_iron"
"COG2761",0.167842817311045,0.136923587586411,"Predicted dithiol-disulfide isomerase involved in polyketide biosynthesis","sqrt_iron"
"COG2717",0.169806731151486,0.136299722253729,"Predicted membrane protein","sqrt_iron"
"COG2265",0.172788125534414,0.135362743193499,"SAM-dependent methyltransferases related to tRNA (uracil-5-)-methyltransferase","sqrt_iron"
"COG3213",0.174576881737814,0.134806285344161,"Uncharacterized protein involved in response to NO","sqrt_iron"
"COG5524",0.193261180040381,0.129229437279564,NA,"sqrt_iron"
"COG4877",0.213107677228602,0.123717903610835,"Uncharacterized protein conserved in bacteria","sqrt_iron"
"COG4324",0.214945935007014,0.12322626888156,"Predicted aminopeptidase","sqrt_iron"
"COG0491",0.219141111760937,0.122115354954253,"Zn-dependent hydrolases, including glyoxylases","sqrt_iron"
"COG3147",0.224765916668305,0.120649218367743,"Uncharacterized protein conserved in bacteria","sqrt_iron"
"COG3605",0.246905004442055,0.115116397002744,"Signal transduction protein containing GAF and PtsI domains","sqrt_iron"
"COG4993",0.251334156001284,0.114051237047243,"Glucose dehydrogenase","sqrt_iron"
"COG1280",0.252900273725769,0.113677694800869,"Putative threonine efflux protein","sqrt_iron"
"COG4315",0.259011222742209,0.112235122386155,"Uncharacterized protein conserved in bacteria","sqrt_iron"
"COG2112",0.265808257164549,0.11065761677277,"Predicted Ser/Thr protein kinase","sqrt_iron"
"COG4246",0.270338100804256,0.109621442753203,"Uncharacterized protein conserved in bacteria","sqrt_iron"
"COG5514",0.272570590226539,0.1091150875204,"Uncharacterized conserved protein","sqrt_iron"
"COG1649",0.281521159041765,0.107112551213667,"Uncharacterized protein conserved in bacteria","sqrt_iron"
"COG1808",0.28352254949646,0.106670627509264,"Predicted membrane protein","sqrt_iron"
"COG4634",0.288822093505149,0.105510398060282,"Uncharacterized protein conserved in bacteria","sqrt_iron"
"COG3071",0.29227803408279,0.104761387179539,"Uncharacterized enzyme of heme biosynthesis","sqrt_iron"
"COG0737",0.292681956785842,0.104674228009595,"5'-nucleotidase/2',3'-cyclic phosphodiesterase and related esterases","sqrt_iron"
"COG1760",0.295019324102761,0.104171421551178,"L-serine deaminase","sqrt_iron"
"COG4666",0.298346444957049,0.10346021570888,"TRAP-type uncharacterized transport system, fused permease components","sqrt_iron"
"COG1883",0.30144916781038,0.102801664061379,"Na+-transporting methylmalonyl-CoA/oxaloacetate decarboxylase, beta subunit","sqrt_iron"
"COG1858",0.307473098132276,0.101535661517459,"Cytochrome c peroxidase","sqrt_iron"
"COG3273",0.30919598598329,0.101176558249647,"Uncharacterized conserved protein","sqrt_iron"
"COG1512",0.312569784408192,0.100477107308012,"Beta-propeller domains of methanol dehydrogenase type","sqrt_iron"
"COG2896",0.312728075184438,0.100444411396245,"Molybdenum cofactor biosynthesis enzyme","sqrt_iron"
"COG2825",0.323410658467802,0.0982621376360029,"Outer membrane protein","sqrt_iron"
"COG3655",0.323534331865259,0.0982371471603807,"Predicted transcriptional regulator","sqrt_iron"
"COG3659",0.354947095881465,0.0920764283535517,"Carbohydrate-selective porin","sqrt_iron"
"COG2716",0.381282087995361,0.0871686296403069,"Glycine cleavage system regulatory protein","sqrt_iron"
"COG0434",0.384305668490065,0.0866185454700161,"Predicted TIM-barrel enzyme","sqrt_iron"
"COG3851",0.388433737100597,0.0858717136308039,"Signal transduction histidine kinase, glucose-6-phosphate specific","sqrt_iron"
"COG5413",0.404483831910488,0.0830121966689574,NA,"sqrt_iron"
"COG2509",0.432156655436711,0.0782343141919054,"Uncharacterized FAD-dependent dehydrogenases","sqrt_iron"
"COG1842",0.458475526970848,0.0738497666287573,"Phage shock protein A (IM30), suppresses sigma54-dependent transcription","sqrt_iron"
"COG1983",0.479244769446761,0.0704872596364145,"Putative stress-responsive transcriptional regulator","sqrt_iron"
"COG2968",0.480582565887226,0.0702734068975217,"Uncharacterized conserved protein","sqrt_iron"
"COG1852",0.495835135311319,0.0678573221014472,"Uncharacterized conserved protein","sqrt_iron"
"COG1975",0.50510445921087,0.0664081208295981,"Xanthine and CO dehydrogenases maturation factor, XdhC/CoxF family","sqrt_iron"
"COG1585",0.50813495296163,0.0659373291609339,"Membrane protein implicated in regulation of membrane protease activity","sqrt_iron"
"COG5530",0.508483979303519,0.065883200803861,"Predicted integral membrane protein","sqrt_iron"
"COG2095",0.510426581437023,0.0655822842933327,"Multiple antibiotic transporter","sqrt_iron"
"COG4403",0.523155011643833,0.0636249554498953,"Lantibiotic modifying enzyme","sqrt_iron"
"COG3781",0.527203577093748,0.0630074631262959,"Predicted membrane protein","sqrt_iron"
"COG1328",0.542100377394704,0.0607555477190301,"Oxygen-sensitive ribonucleoside-triphosphate reductase","sqrt_iron"
"COG3263",0.548593471716388,0.0597835675192378,"NhaP-type Na+/H+ and K+/H+ antiporters with a unique C-terminal domain","sqrt_iron"
"COG1247",0.552249312099653,0.0592387735260113,"Sortase and related acyltransferases","sqrt_iron"
"COG0031",0.558204885174426,0.0583549894592457,"Cysteine synthase","sqrt_iron"
"COG3571",0.560420847051309,0.0580273052865765,"Predicted hydrolase of the alpha/beta-hydrolase fold","sqrt_iron"
"COG3949",0.570263869313187,0.0565791599563117,"Uncharacterized membrane protein","sqrt_iron"
"COG1409",0.576568327281793,0.0556577947096938,"Predicted phosphohydrolases","sqrt_iron"
"COG1522",0.579246778224509,0.0552677726583329,"Transcriptional regulators","sqrt_iron"
"COG0598",0.587997661161605,0.0539992724709403,"Mg2+ and Co2+ transporters","sqrt_iron"
"COG0301",0.619432263602632,0.0495110993339052,"Thiamine biosynthesis ATP pyrophosphatase","sqrt_iron"
"COG3367",0.6236957129533,0.048910120324468,"Uncharacterized conserved protein","sqrt_iron"
"COG3608",0.640298324555703,0.0465861737107237,"Predicted deacylase","sqrt_iron"
"COG1574",0.642512384787318,0.0462781661032662,"Predicted metal-dependent hydrolase with the TIM-barrel fold","sqrt_iron"
"COG0282",0.667470314260678,0.0428352887809221,"Acetate kinase","sqrt_iron"
"COG0043",0.668183752633948,0.0427376275998241,"3-polyprenyl-4-hydroxybenzoate decarboxylase and related decarboxylases","sqrt_iron"
"COG2956",0.679123026869024,0.0412451573417068,"Predicted N-acetylglucosaminyl transferase","sqrt_iron"
"COG0163",0.687938865379834,0.0400490026398159,"3-polyprenyl-4-hydroxybenzoate decarboxylase","sqrt_iron"
"COG1349",0.695419563239202,0.0390384473200627,"Transcriptional regulators of sugar metabolism","sqrt_iron"
"COG2247",0.698943027841818,0.0385638403778678,"Putative cell wall-binding domain","sqrt_iron"
"COG1047",0.705102566006984,0.0377362140102365,"FKBP-type peptidyl-prolyl cis-trans isomerases 2","sqrt_iron"
"COG0002",0.710290603611642,0.0370411083426239,"Acetylglutamate semialdehyde dehydrogenase","sqrt_iron"
"COG0420",0.719270577478121,0.0358421085798174,"DNA repair exonuclease","sqrt_iron"
"COG3117",0.729462084018658,0.0344874961120176,"Uncharacterized protein conserved in bacteria","sqrt_iron"
"COG4880",0.744134102617151,0.032548240425724,"Secreted protein containing C-terminal beta-propeller domain distantly related to WD-40 repeats","sqrt_iron"
"COG3577",0.751699855496815,0.0315530125096698,"Predicted aspartyl protease","sqrt_iron"
"COG3963",0.752068603206019,0.0315045858876108,"Phospholipid N-methyltransferase","sqrt_iron"
"COG3199",0.757620301275149,0.0307763738239879,"Uncharacterized conserved protein","sqrt_iron"
"COG4582",0.779803285881828,0.0278823083269091,"Uncharacterized protein conserved in bacteria","sqrt_iron"
"COG1765",0.793967204684813,0.0260466178467539,"Predicted redox protein, regulator of disulfide bond formation","sqrt_iron"
"COG0010",0.793990661405313,0.0260435851479134,"Arginase/agmatinase/formimionoglutamate hydrolase, arginase family","sqrt_iron"
"COG3975",0.838997108825882,0.0202648337889419,"Predicted protease with the C-terminal PDZ domain","sqrt_iron"
"COG5508",0.844341418814665,0.019583433564358,NA,"sqrt_iron"
"COG1942",0.866382336251028,0.0167823494615224,"Uncharacterized protein, 4-oxalocrotonate tautomerase homolog","sqrt_iron"
"COG3707",0.890945304043463,0.0136759421102842,"Response regulator with putative antiterminator output domain","sqrt_iron"
"COG1850",0.899224244389449,0.0126320133095278,"Ribulose 1,5-bisphosphate carboxylase, large subunit","sqrt_iron"
"COG3195",0.903477192956665,0.0120962764985769,"Uncharacterized protein conserved in bacteria","sqrt_iron"
"COG1774",0.962728931204206,0.00466124295446406,"Uncharacterized homolog of PSP1","sqrt_iron"
"COG0483",0.989674466173576,0.00129091805732116,"Archaeal fructose-1,6-bisphosphatase and related enzymes of inositol monophosphatase family","sqrt_iron"
"COG0549",0.990091723770297,0.00123874901437756,"Carbamate kinase","sqrt_iron"
"COG1670",0.994727279806551,0.000659192199483148,"Acetyltransferases, including N-acetylases of ribosomal proteins","sqrt_iron"
"COG0609",2.11918949157844e-19,-0.744160667199172,"ABC-type Fe3+-siderophore transport system, permease component","sqrt_iron"
"COG3470",2.02752986159578e-18,-0.730433437670693,"Uncharacterized protein probably involved in high-affinity Fe2+ transport","sqrt_iron"
"COG4558",9.2091714031802e-18,-0.72073922136366,"ABC-type hemin transport system, periplasmic component","sqrt_iron"
"COG4559",3.36032562282129e-16,-0.695940732299178,"ABC-type hemin transport system, ATPase component","sqrt_iron"
"COG2329",4.16426064094726e-11,-0.592879092075888,"Uncharacterized enzyme involved in biosynthesis of extracellular polysaccharides","sqrt_iron"
"COG4635",6.72537730070392e-11,-0.587731233454434,"Flavodoxin","sqrt_iron"
"COG4889",3.11904063723439e-10,-0.570622629245363,"Predicted helicase","sqrt_iron"
"COG4096",3.15818957828816e-10,-0.570479412975566,"Type I site-specific restriction-modification system, R (restriction) subunit and related helicases","sqrt_iron"
"COG3440",4.41662409470401e-09,-0.538551144630929,"Predicted restriction endonuclease","sqrt_iron"
"COG4092",4.53736818303359e-08,-0.507290624468057,NA,"sqrt_iron"
"COG0322",1.02883675789146e-06,-0.459803038944483,"Nuclease subunit of the excinuclease complex","sqrt_iron"
"COG0442",4.26816712120134e-06,-0.435528286198516,"Prolyl-tRNA synthetase","sqrt_iron"
"COG0201",8.72955113168416e-06,-0.422575159478672,"Preprotein translocase subunit SecY","sqrt_iron"
"COG3794",1.28921149603416e-05,-0.415285592406054,"Plastocyanin","sqrt_iron"
"COG2352",1.44910765387277e-05,-0.413066312001127,"Phosphoenolpyruvate carboxylase","sqrt_iron"
"COG0339",1.54338995805606e-05,-0.411863286237071,"Zn-dependent oligopeptidases","sqrt_iron"
"COG0471",2.12188193728057e-05,-0.40571631897689,"Di- and tricarboxylate transporters","sqrt_iron"
"COG1596",2.42837665609724e-05,-0.403074056910629,"Periplasmic protein involved in polysaccharide export","sqrt_iron"
"COG0276",2.957375515417e-05,-0.39917383639702,"Protoheme ferro-lyase (ferrochelatase)","sqrt_iron"
"COG4775",3.08808169392466e-05,-0.398311393269363,"Outer membrane protein/protective antigen OMA87","sqrt_iron"
"COG0793",3.25706054204583e-05,-0.397245699213532,"Periplasmic protease","sqrt_iron"
"COG1233",4.71537237251359e-05,-0.389741894676082,"Phytoene dehydrogenase and related proteins","sqrt_iron"
"COG2859",8.19959884137964e-05,-0.378171731689598,"Uncharacterized protein conserved in bacteria","sqrt_iron"
"COG0716",0.000106208755792639,-0.372608390757849,"Flavodoxins","sqrt_iron"
"COG0768",0.000173206947108432,-0.361808625222984,"Cell division protein FtsI/penicillin-binding protein 2","sqrt_iron"
"COG3566",0.000188849247595264,-0.359859072821842,"Uncharacterized protein conserved in bacteria","sqrt_iron"
"COG1089",0.000284059155568264,-0.350481505928532,"GDP-D-mannose dehydratase","sqrt_iron"
"COG0653",0.000296893457044609,-0.349448771482675,"Preprotein translocase subunit SecA (ATPase, RNA helicase)","sqrt_iron"
"COG1198",0.000300466199893356,-0.349168614797894,"Primosomal protein N' (replication factor Y) - superfamily II helicase","sqrt_iron"
"COG0575",0.000385995304586616,-0.343241378270875,"CDP-diglyceride synthetase","sqrt_iron"
"COG1052",0.000835591466042216,-0.324190723705812,"Lactate dehydrogenase and related dehydrogenases","sqrt_iron"
"COG1480",0.00104361426016963,-0.318472231375296,"Predicted membrane-associated HD superfamily hydrolase","sqrt_iron"
"COG1132",0.00163417349167556,-0.306584798711283,"ABC-type multidrug transport system, ATPase and permease components","sqrt_iron"
"COG0188",0.00171905039300549,-0.305211481629026,"Type IIA topoisomerase (DNA gyrase/topo II, topoisomerase IV), A subunit","sqrt_iron"
"COG2819",0.00206500341055491,-0.300182944687518,"Predicted hydrolase of the alpha/beta superfamily","sqrt_iron"
"COG5436",0.00229664426351982,-0.297226419423353,"Predicted integral membrane protein","sqrt_iron"
"COG1160",0.00280976725255756,-0.291533243489751,"Predicted GTPases","sqrt_iron"
"COG0342",0.00363469257784262,-0.28409535817225,"Preprotein translocase subunit SecD","sqrt_iron"
"COG0458",0.00376494331571688,-0.283062623726393,"Carbamoylphosphate synthase large subunit (split gene in MJ)","sqrt_iron"
"COG1624",0.00397755300252275,-0.281443655084134,"Uncharacterized conserved protein","sqrt_iron"
"COG1086",0.00415481774066435,-0.280151960721761,"Predicted nucleoside-diphosphate sugar epimerases","sqrt_iron"
"COG0173",0.00440264309580289,-0.278426305256695,"Aspartyl-tRNA synthetase","sqrt_iron"
"COG0407",0.00496584207454381,-0.274806241427866,"Uroporphyrinogen-III decarboxylase","sqrt_iron"
"COG1429",0.00601455116350072,-0.268944924120795,"Cobalamin biosynthesis protein CobN and related Mg-chelatases","sqrt_iron"
"COG4120",0.00637415938956563,-0.267143522431633,"ABC-type uncharacterized transport system, permease component","sqrt_iron"
"COG0587",0.00735815632475042,-0.262638652079073,"DNA polymerase III, alpha subunit","sqrt_iron"
"COG0504",0.00745322710645278,-0.262232150222725,"CTP synthase (UTP-ammonia lyase)","sqrt_iron"
"COG0795",0.00751677500721449,-0.261962980074603,"Predicted permeases","sqrt_iron"
"COG0595",0.00838751994203669,-0.258463768149013,"Predicted hydrolase of the metallo-beta-lactamase superfamily","sqrt_iron"
"COG3560",0.0111390139149281,-0.249189396333144,"Predicted oxidoreductase related to nitroreductase","sqrt_iron"
"COG1077",0.0139823938239511,-0.241517035353967,"Actin-like ATPase involved in cell morphogenesis","sqrt_iron"
"COG0362",0.0160840407082822,-0.236677465956095,"6-phosphogluconate dehydrogenase","sqrt_iron"
"COG1087",0.0189822284276656,-0.230832628454011,"UDP-glucose 4-epimerase","sqrt_iron"
"COG0542",0.0190524776741353,-0.230700790014115,"ATPases with chaperone activity, ATP-binding subunit","sqrt_iron"
"COG3508",0.0211410350329301,-0.226960243474573,"Homogentisate 1,2-dioxygenase","sqrt_iron"
"COG0465",0.021496441480059,-0.226355614765855,"ATP-dependent Zn proteases","sqrt_iron"
"COG1193",0.0236480928688845,-0.222868001302821,"Mismatch repair ATPase (MutS family)","sqrt_iron"
"COG0770",0.0236484859744021,-0.222867389376923,"UDP-N-acetylmuramyl pentapeptide synthase","sqrt_iron"
"COG3340",0.0250298008685371,-0.220768960875235,"Peptidase E","sqrt_iron"
"COG0264",0.0262316193642276,-0.219022101546605,"Translation elongation factor Ts","sqrt_iron"
"COG0128",0.027004465960873,-0.217934434417458,"5-enolpyruvylshikimate-3-phosphate synthase","sqrt_iron"
"COG2239",0.0301662467617885,-0.213743070682411,"Mg/Co/Ni transporter MgtE (contains CBS domain)","sqrt_iron"
"COG0819",0.0330397971931916,-0.210245013292639,"Putative transcription activator","sqrt_iron"
"COG0061",0.0384415041293246,-0.204311128961473,"Predicted sugar kinase","sqrt_iron"
"COG0392",0.0420324854126449,-0.20074270926372,"Predicted integral membrane protein","sqrt_iron"
"COG1200",0.0435425502621214,-0.199317748050388,"RecG-like helicase","sqrt_iron"
"COG0021",0.0440649730086591,-0.198834340437433,"Transketolase","sqrt_iron"
"COG0236",0.0445263585150935,-0.198411358776098,"Acyl carrier protein","sqrt_iron"
"COG0113",0.0480296884253695,-0.195313155438528,"Delta-aminolevulinic acid dehydratase","sqrt_iron"
"COG1181",0.0480681500346404,-0.195280195828553,"D-alanine-D-alanine ligase and related ATP-grasp enzymes","sqrt_iron"
"COG1154",0.0569570531365993,-0.188188386415781,"Deoxyxylulose-5-phosphate synthase","sqrt_iron"
"COG1169",0.0571113890405671,-0.188073544172061,"Isochorismate synthase","sqrt_iron"
"COG3128",0.0577200567671004,-0.187623094932288,"Uncharacterized iron-regulated protein","sqrt_iron"
"COG1966",0.0642684435649507,-0.18300726348974,"Carbon starvation protein, predicted membrane protein","sqrt_iron"
"COG4641",0.0714955080126565,-0.17833757175121,"Uncharacterized protein conserved in bacteria","sqrt_iron"
"COG4242",0.0816312764856612,-0.172392113388899,"Cyanophycinase and related exopeptidases","sqrt_iron"
"COG1721",0.0824182109558755,-0.171955778503508,"Uncharacterized conserved protein (some members contain a von Willebrand factor type A (vWA) domain)","sqrt_iron"
"COG0451",0.0825475791039665,-0.171884366015231,"Nucleoside-diphosphate-sugar epimerases","sqrt_iron"
"COG1231",0.083513686354012,-0.171353871421194,"Monoamine oxidase","sqrt_iron"
"COG0531",0.087043402859904,-0.169456341413801,"Amino acid transporters","sqrt_iron"
"COG5661",0.0942743909212939,-0.165752402114917,"Predicted secreted Zn-dependent protease","sqrt_iron"
"COG0616",0.0947592793574669,-0.16551217475356,"Periplasmic serine proteases (ClpP class)","sqrt_iron"
"COG2838",0.104618744735206,-0.160825436547609,"Monomeric isocitrate dehydrogenase","sqrt_iron"
"COG0181",0.115491648814047,-0.156041780154319,"Porphobilinogen deaminase","sqrt_iron"
"COG1137",0.118597297941305,-0.15473987556034,"ABC-type (unclassified) transport system, ATPase component","sqrt_iron"
"COG2246",0.12115713803799,-0.15368643396943,"Predicted membrane protein","sqrt_iron"
"COG1757",0.121386103479097,-0.153593047638605,"Na+/H+ antiporter","sqrt_iron"
"COG0416",0.130395266805324,-0.150021569978064,"Fatty acid/phospholipid biosynthesis enzyme","sqrt_iron"
"COG1044",0.138052056983947,-0.147131698924639,"UDP-3-O-[3-hydroxymyristoyl] glucosamine N-acyltransferase","sqrt_iron"
"COG0774",0.139710362679591,-0.146521946140117,"UDP-3-O-acyl-N-acetylglucosamine deacetylase","sqrt_iron"
"COG2038",0.156788997843222,-0.140539776929807,"NaMN:DMB phosphoribosyltransferase","sqrt_iron"
"COG4266",0.159439685296001,-0.139655744179873,"Allantoicase","sqrt_iron"
"COG0166",0.160737541231745,-0.13922688579917,"Glucose-6-phosphate isomerase","sqrt_iron"
"COG2013",0.161839012399412,-0.138864937422443,"Uncharacterized conserved protein","sqrt_iron"
"COG3590",0.163854310210645,-0.138207414751872,"Predicted metalloendopeptidase","sqrt_iron"
"COG4209",0.182931352602023,-0.132261375620529,"ABC-type polysaccharide transport system, permease component","sqrt_iron"
"COG3158",0.193398037181771,-0.129190066235826,"K+ transporter","sqrt_iron"
"COG0755",0.194640259615892,-0.128833622120652,"ABC-type transport system involved in cytochrome c biogenesis, permease component","sqrt_iron"
"COG1239",0.195832581584519,-0.128493039484253,"Mg-chelatase subunit ChlI","sqrt_iron"
"COG1947",0.201518954251717,-0.126889005132177,"4-diphosphocytidyl-2C-methyl-D-erythritol 2-phosphate synthase","sqrt_iron"
"COG3568",0.205399201922257,-0.125813032380978,"Metal-dependent hydrolase","sqrt_iron"
"COG0331",0.214600667999137,-0.12331838071831,"(acyl-carrier-protein) S-malonyltransferase","sqrt_iron"
"COG0766",0.228317386249934,-0.119736769767785,"UDP-N-acetylglucosamine enolpyruvyl transferase","sqrt_iron"
"COG0463",0.23266740328145,-0.11863262283365,"Glycosyltransferases involved in cell wall biogenesis","sqrt_iron"
"COG3844",0.233647877834548,-0.118385750809127,"Kynureninase","sqrt_iron"
"COG2268",0.250707619698393,-0.114201123103748,"Uncharacterized protein conserved in bacteria","sqrt_iron"
"COG0398",0.258457787200213,-0.112364803670232,"Uncharacterized conserved protein","sqrt_iron"
"COG0225",0.259255118934582,-0.112178032547045,"Peptide methionine sulfoxide reductase","sqrt_iron"
"COG0333",0.262698021644289,-0.111376015371007,"Ribosomal protein L32","sqrt_iron"
"COG0634",0.266371129097656,-0.110528215844512,"Hypoxanthine-guanine phosphoribosyltransferase","sqrt_iron"
"COG3938",0.267479328848555,-0.110273987899744,"Proline racemase","sqrt_iron"
"COG0447",0.291638953938579,-0.104899452011085,"Dihydroxynaphthoic acid synthase","sqrt_iron"
"COG3296",0.294809741891963,-0.104216398543484,"Uncharacterized protein conserved in bacteria","sqrt_iron"
"COG3264",0.331864573162104,-0.0965677548361681,"Small-conductance mechanosensitive channel","sqrt_iron"
"COG0749",0.393300436073546,-0.0849973408550229,"DNA polymerase I - 3'-5' exonuclease and polymerase domains","sqrt_iron"
"COG3961",0.402567418857984,-0.0833500469177596,"Pyruvate decarboxylase and related thiamine pyrophosphate-requiring enzymes","sqrt_iron"
"COG2922",0.406357251832116,-0.0826828363430172,"Uncharacterized protein conserved in bacteria","sqrt_iron"
"COG1683",0.443179014048172,-0.0763802903152233,"Uncharacterized conserved protein","sqrt_iron"
"COG3339",0.447555444283365,-0.0756513756567692,"Uncharacterized conserved protein","sqrt_iron"
"COG1354",0.453452405458238,-0.0746754896647826,"Uncharacterized conserved protein","sqrt_iron"
"COG4206",0.462800109618431,-0.0731428678009843,"Outer membrane cobalamin receptor protein","sqrt_iron"
"COG1607",0.517789653330153,-0.0644470240361357,"Acyl-CoA hydrolase","sqrt_iron"
"COG1290",0.51850507975166,-0.0643371586695552,"Cytochrome b subunit of the bc complex","sqrt_iron"
"COG3687",0.537629838876692,-0.0614280877700197,"Predicted metal-dependent hydrolase","sqrt_iron"
"COG3185",0.555897461149813,-0.0586968614139706,"4-hydroxyphenylpyruvate dioxygenase and related hemolysins","sqrt_iron"
"COG1820",0.584162737606206,-0.05455409714231,"N-acetylglucosamine-6-phosphate deacetylase","sqrt_iron"
"COG3194",0.591579102864997,-0.0534826072979286,"Ureidoglycolate hydrolase","sqrt_iron"
"COG1058",0.593448855670153,-0.0532134364107472,"Predicted nucleotide-utilizing enzyme related to molybdopterin-biosynthesis enzyme MoeA","sqrt_iron"
"COG0681",0.602838331999233,-0.0518674395626657,"Signal peptidase I","sqrt_iron"
"COG3272",0.631263239402362,-0.0478476809098709,"Uncharacterized conserved protein","sqrt_iron"
"COG5015",0.642288939443116,-0.0463092307606116,"Uncharacterized conserved protein","sqrt_iron"
"COG1807",0.658857185264006,-0.0440175591204872,"4-amino-4-deoxy-L-arabinose transferase and related glycosyltransferases of PMT family","sqrt_iron"
"COG4631",0.660974156603491,-0.0437264158990488,"Xanthine dehydrogenase, molybdopterin-binding subunit B","sqrt_iron"
"COG3083",0.675615075858813,-0.0417227476712628,"Predicted hydrolase of alkaline phosphatase superfamily","sqrt_iron"
"COG1884",0.676431529640128,-0.0416115075923737,"Methylmalonyl-CoA mutase, N-terminal domain/subunit","sqrt_iron"
"COG1787",0.692348192431695,-0.039452869789871,"Predicted endonuclease distantly related to archaeal Holliday junction resolvase and Mrr-like restriction enzymes","sqrt_iron"
"COG3425",0.697499477284049,-0.0387581803686116,"3-hydroxy-3-methylglutaryl CoA synthase","sqrt_iron"
"COG4630",0.698011774500801,-0.0386891950697731,"Xanthine dehydrogenase, iron-sulfur cluster and FAD-binding subunit A","sqrt_iron"
"COG3782",0.717397573069273,-0.0360917639010163,"Uncharacterized protein conserved in bacteria","sqrt_iron"
"COG1816",0.723056170709507,-0.0353381951606257,"Adenosine deaminase","sqrt_iron"
"COG1502",0.730477275180542,-0.0343529080816346,"Phosphatidylserine/phosphatidylglycerophosphate/cardiolipin synthases and related enzymes","sqrt_iron"
"COG3535",0.740966091608262,-0.0329659178784274,"Uncharacterized conserved protein","sqrt_iron"
"COG3663",0.784394067165461,-0.0272863374541223,"G:T/U mismatch-specific DNA glycosylase","sqrt_iron"
"COG1469",0.793944300834427,-0.0260495790884022,"Uncharacterized conserved protein","sqrt_iron"
"COG1179",0.794327274618446,-0.0260000673325891,"Dinucleotide-utilizing enzymes involved in molybdopterin and thiamine biosynthesis family 1","sqrt_iron"
"COG1457",0.803538975714922,-0.0248110276497626,"Purine-cytosine permease and related proteins","sqrt_iron"
"COG0417",0.827281552667701,-0.0217618812437105,"DNA polymerase elongation subunit (family B)","sqrt_iron"
"COG2233",0.830396555991531,-0.0213633791887474,"Xanthine/uracil permeases","sqrt_iron"
"COG0585",0.84332530331491,-0.0197129181540241,"Uncharacterized conserved protein","sqrt_iron"
"COG3396",0.847143793885367,-0.0192264919415314,"Uncharacterized conserved protein","sqrt_iron"
"COG3587",0.853509433256054,-0.0184165866064891,"Restriction endonuclease","sqrt_iron"
"COG4976",0.8688290970743,-0.0164722435121348,"Predicted methyltransferase (contains TPR repeat)","sqrt_iron"
"COG3865",0.876794533542916,-0.0154637626406778,"Uncharacterized protein conserved in bacteria","sqrt_iron"
"COG1061",0.896763595382473,-0.0129421401831858,"DNA or RNA helicases of superfamily II","sqrt_iron"
"COG4986",0.908596141752276,-0.0114519052733227,"ABC-type anion transport system, duplicated permease component","sqrt_iron"
"COG0561",0.916336489858974,-0.0104784381081346,"Predicted hydrolases of the HAD superfamily","sqrt_iron"
"COG2346",0.963475151064167,-0.0045678532900847,"Truncated hemoglobins","sqrt_iron"
"COG4308",0.976428914641946,-0.00294724365898874,"Limonene-1,2-epoxide hydrolase","sqrt_iron"
"COG3217",0.976451586873287,-0.00294440799322902,"Uncharacterized Fe-S protein","sqrt_iron"
"COG0252",0.983413913460665,-0.00207371448797946,"L-asparaginase/archaeal Glu-tRNAGln amidotransferase subunit D","sqrt_iron"
"COG1228",1.63045417430495e-25,0.756110588792106,"Imidazolonepropionase and related amidohydrolases","log_NO2NO3"
"COG1001",7.25847999909379e-25,0.749486353255209,"Adenine deaminase","log_NO2NO3"
"COG0506",3.45801290845321e-24,0.742332678070857,"Proline dehydrogenase","log_NO2NO3"
"COG1696",2.14247649949821e-23,0.733664620518559,"Predicted membrane protein involved in D-alanine export","log_NO2NO3"
"COG5598",2.72149739994696e-23,0.732501995891187,"Trimethylamine:corrinoid methyltransferase","log_NO2NO3"
"COG0334",1.48939549208685e-22,0.724062725125701,"Glutamate dehydrogenase/leucine dehydrogenase","log_NO2NO3"
"COG4766",3.61099083928273e-22,0.719538259966092,"Ethanolamine utilization protein","log_NO2NO3"
"COG1055",4.47136088841669e-22,0.718432983741635,"Na+/H+ antiporter NhaD and related arsenite permeases","log_NO2NO3"
"COG3959",4.75384467200951e-22,0.718115175760277,"Transketolase, N-terminal subunit","log_NO2NO3"
"COG1522",1.1732261756716e-21,0.71337743324826,"Transcriptional regulators","log_NO2NO3"
"COG3938",4.73942126660514e-21,0.705862126636123,"Proline racemase","log_NO2NO3"
"COG1250",5.81826796900765e-21,0.704737863334858,"3-hydroxyacyl-CoA dehydrogenase","log_NO2NO3"
"COG3232",6.44283088876322e-21,0.704176930238964,"5-carboxymethyl-2-hydroxymuconate isomerase","log_NO2NO3"
"COG3958",8.72686260487685e-21,0.702499854188821,"Transketolase, C-terminal subunit","log_NO2NO3"
"COG4206",1.85876829322923e-20,0.698269536184856,"Outer membrane cobalamin receptor protein","log_NO2NO3"
"COG0726",8.13398254360396e-20,0.689792876245091,"Predicted xylanase/chitin deacetylase","log_NO2NO3"
"COG2262",8.58447513377321e-20,0.689477738919038,"GTPases","log_NO2NO3"
"COG0531",1.56656494231039e-19,0.685933779328595,"Amino acid transporters","log_NO2NO3"
"COG1321",2.15803399915682e-18,0.66986978766581,"Mn-dependent transcriptional regulator","log_NO2NO3"
"COG1446",3.3971876844545e-18,0.666985479935833,"Asparaginase","log_NO2NO3"
"COG0705",6.67731653799691e-18,0.662629641132508,"Uncharacterized membrane protein (homolog of Drosophila rhomboid)","log_NO2NO3"
"COG1932",1.55181472252356e-16,0.641349859658015,"Phosphoserine aminotransferase","log_NO2NO3"
"COG3186",3.19469812544322e-16,0.636218550758774,"Phenylalanine-4-hydroxylase","log_NO2NO3"
"COG0110",7.82998295996252e-16,0.629711143836499,"Acetyltransferase (isoleucine patch superfamily)","log_NO2NO3"
"COG4631",5.09887519507935e-15,0.615596730546753,"Xanthine dehydrogenase, molybdopterin-binding subunit B","log_NO2NO3"
"COG4630",5.267546993638e-15,0.61534517482572,"Xanthine dehydrogenase, iron-sulfur cluster and FAD-binding subunit A","log_NO2NO3"
"COG2102",6.7642620957415e-15,0.61340459870611,"Predicted ATPases of PP-loop superfamily","log_NO2NO3"
"COG1478",9.23339470345249e-15,0.610971297322691,"Uncharacterized conserved protein","log_NO2NO3"
"COG2120",2.32365856279567e-14,0.603629524122656,"Uncharacterized proteins, LmbE homologs","log_NO2NO3"
"COG2308",3.62170282611422e-28,-0.78116504871261,"Uncharacterized conserved protein","log_NO2NO3"
"COG3484",2.34614339662504e-27,-0.773834517618091,"Predicted proteasome-type protease","log_NO2NO3"
"COG0633",2.1663250710235e-25,-0.754866063419727,"Ferredoxin","log_NO2NO3"
"COG2307",4.30399825745931e-25,-0.75182853983851,"Uncharacterized protein conserved in bacteria","log_NO2NO3"
"COG2214",7.41702013794118e-22,-0.715794376299768,"DnaJ-class molecular chaperone","log_NO2NO3"
"COG0366",8.04808551256788e-21,-0.702948524280151,"Glycosidases","log_NO2NO3"
"COG5146",3.86955601836386e-20,-0.694095611549625,"Pantothenate kinase, acetyl-CoA regulated","log_NO2NO3"
"COG2371",1.00670600238042e-19,-0.688544014483865,"Urease accessory protein UreE","log_NO2NO3"
"COG3542",1.02659837383672e-19,-0.68842909012302,"Uncharacterized conserved protein","log_NO2NO3"
"COG4241",1.46632997716224e-18,-0.672301044236469,"Predicted membrane protein","log_NO2NO3"
"COG3349",4.11347606978541e-18,-0.665759649150593,"Uncharacterized conserved protein","log_NO2NO3"
"COG1463",1.46511549020324e-17,-0.657471689933461,"ABC-type transport system involved in resistance to organic solvents, periplasmic component","log_NO2NO3"
"COG4243",2.15168070541543e-17,-0.65491185999069,"Predicted membrane protein","log_NO2NO3"
"COG3395",5.08126399607661e-17,-0.649097430699368,"Uncharacterized protein conserved in bacteria","log_NO2NO3"
"COG2317",5.27994534963592e-15,-0.615326994360894,"Zn-dependent carboxypeptidase","log_NO2NO3"
"COG0027",6.03280127419882e-15,-0.614294270560514,"Formate-dependent phosphoribosylglycinamide formyltransferase (GAR transformylase)","log_NO2NO3"
"COG2385",7.43819256734381e-15,-0.612664133251359,"Sporulation protein and related proteins","log_NO2NO3"
"COG2755",8.92469821505897e-15,-0.611238221088122,"Lysophospholipase L1 and related esterases","log_NO2NO3"
"COG1240",1.06271841122182e-14,-0.609865046317957,"Mg-chelatase subunit ChlD","log_NO2NO3"
